,week,category,weekly_rank,show_title,season_title,weekly_hours_viewed,runtime,weekly_views,cumulative_weeks_in_top_10,is_staggered_launch,runtime_override_flag,episode_launch_dtls
3680,2023-06-25,Films (English),1,Extraction 2,,87300000,2.0667,42200000.0,2,False,"[{is_staggered_launch=0, is_live_title=0}]",
3681,2023-06-25,Films (English),2,Extraction,,27200000,1.9667,13800000.0,2,False,"[{is_staggered_launch=0, is_live_title=0}]",
3682,2023-06-25,Films (English),3,Take Care of Maya,,16000000,1.7333,9200000.0,1,False,"[{is_staggered_launch=0, is_live_title=0}]",
3683,2023-06-25,Films (English),4,The Perfect Find,,11700000,1.6667,7000000.0,1,False,"[{is_staggered_launch=0, is_live_title=0}]",
3684,2023-06-25,Films (English),5,Paw Patrol: The Movie,,9100000,1.4333,6300000.0,5,False,"[{is_staggered_launch=0, is_live_title=0}]",
3685,2023-06-25,Films (English),6,The Mule,,9200000,1.7,5400000.0,1,False,"[{is_staggered_launch=0, is_live_title=0}]",
3686,2023-06-25,Films (English),7,What Happens in Vegas,,7600000,1.65,4600000.0,2,False,"[{is_staggered_launch=0, is_live_title=0}]",
3687,2023-06-25,Films (English),8,The Boss Baby,,4500000,1.6333,2800000.0,9,False,"[{is_staggered_launch=0, is_live_title=0}]",
3688,2023-06-25,Films (English),9,Get Out,,4100000,1.7333,2400000.0,1,False,"[{is_staggered_launch=0, is_live_title=0}]",
3689,2023-06-25,Films (English),10,47 Ronin,,4700000,2.0167,2300000.0,1,False,"[{is_staggered_launch=0, is_live_title=0}]",
3690,2023-06-25,Films (Non-English),1,Through My Window 2: Across the Sea,,27100000,1.8667,14500000.0,1,False,"[{is_staggered_launch=0, is_live_title=0}]",
3691,2023-06-25,Films (Non-English),2,Make Me Believe,,11400000,1.7333,6600000.0,1,False,"[{is_staggered_launch=0, is_live_title=0}]",
3692,2023-06-25,Films (Non-English),3,Black Clover: Sword of the Wizard King,,7800000,1.8833,4100000.0,2,False,"[{is_staggered_launch=0, is_live_title=0}]",
3693,2023-06-25,Films (Non-English),4,You Do You,,4500000,1.6833,2700000.0,3,False,"[{is_staggered_launch=0, is_live_title=0}]",
3694,2023-06-25,Films (Non-English),5,Through My Window,,4900000,1.9,2600000.0,14,False,"[{is_staggered_launch=0, is_live_title=0}]",
3695,2023-06-25,Films (Non-English),6,iNumber Number: Jozi Gold,,4000000,1.9,2100000.0,1,False,"[{is_staggered_launch=0, is_live_title=0}]",
3696,2023-06-25,Films (Non-English),7,A Beautiful Life,,3200000,1.6667,1900000.0,4,False,"[{is_staggered_launch=0, is_live_title=0}]",
3697,2023-06-25,Films (Non-English),8,The Wonder Weeks,,2500000,1.5167,1600000.0,2,False,"[{is_staggered_launch=0, is_live_title=0}]",
3698,2023-06-25,Films (Non-English),9,Tin & Tina,,3200000,2.0,1600000.0,5,False,"[{is_staggered_launch=0, is_live_title=0}]",
3699,2023-06-25,Films (Non-English),10,THE VILLAGE,,3200000,2.0167,1600000.0,2,False,"[{is_staggered_launch=0, is_live_title=0}]",
3700,2023-06-25,TV (English),1,Black Mirror,Black Mirror: Season 6,60400000,5.2,11600000.0,2,False,"[{is_staggered_launch=0, is_live_title=0}]",
3701,2023-06-25,TV (English),2,Never Have I Ever,Never Have I Ever: Season 4,24600000,4.9167,5000000.0,3,False,"[{is_staggered_launch=0, is_live_title=0}]",
3702,2023-06-25,TV (English),3,Our Planet,Our Planet: II,13600000,3.3833,4000000.0,2,False,"[{is_staggered_launch=0, is_live_title=0}]",
3703,2023-06-25,TV (English),4,Catching Killers,Catching Killers: Season 3,9600000,3.0667,3100000.0,1,False,"[{is_staggered_launch=0, is_live_title=0}]",
3704,2023-06-25,TV (English),5,Suits,Suits: Season 1,27700000,0.0,3000000.0,1,True,"[{is_staggered_launch=1, is_live_title=0}]","[{""episodesLaunched"":12,""countryList"":[""AS"",""CW"",""GQ"",""LB"",""LV"",""PG"",""RE"",""TH"",""ZW"",""DK"",""LS"",""YT"",""AU"",""BO"",""HT"",""KE"",""KG"",""VA"",""GS"",""AM"",""BG"",""CD"",""FM"",""GG"",""GY"",""KI"",""MP"",""QA"",""SO"",""TM"",""CM"",""HU"",""ZM"",""CR"",""EH"",""MW"",""NA"",""TC"",""AI"",""BJ"",""BR"",""DZ"",""GR"",""IS"",""PR"",""VC"",""TT"",""CL"",""GA"",""LY"",""NZ"",""PY"",""SB"",""TV"",""VE"",""HM"",""BD"",""CV"",""GP"",""MC"",""UA"",""TZ"",""AO"",""AW"",""BY"",""CC"",""CF"",""GB"",""ID"",""MQ"",""NP"",""PK"",""PS"",""RS"",""TG"",""US"",""UZ"",""ZA"",""CY"",""FO"",""IE"",""JE"",""LR"",""MD"",""MV"",""NE"",""RW"",""SH"",""BL"",""BM"",""DJ"",""EG"",""GI"",""IM"",""IO"",""MY"",""OM"",""WS"",""BZ"",""GF"",""KR"",""MA"",""NL"",""SL"",""VU"",""JO"",""AR"",""CA"",""MN"",""SA"",""EC"",""BA"",""BF"",""ER"",""ET"",""IQ"",""KZ"",""MZ"",""PN"",""TN"",""TR"",""VI"",""CI"",""EE"",""FK"",""FR"",""GE"",""GM"",""HK"",""KN"",""LC"",""LK"",""MG"",""MH"",""MU"",""PM"",""SE"",""TD"",""ML"",""TL"",""GT"",""IN"",""PH"",""SK"",""VG"",""VN"",""AF"",""AQ"",""BH"",""CZ"",""IT"",""JM"",""KY"",""MM"",""NC"",""ST"",""SZ"",""MR"",""UG"",""AD"",""BN"",""BT"",""CU"",""MS"",""NR"",""PF"",""PL"",""PT"",""SM"",""TO"",""BE"",""AG"",""AZ"",""BI"",""BS"",""CO"",""DO"",""ES"",""GH"",""KH"",""KW"",""ME"",""NG"",""NU"",""RU"",""SN"",""YE"",""AL"",""BB"",""BW"",""CX"",""GD"",""LA"",""NF"",""SS"",""TJ"",""UM"",""WF"",""HN"",""HR"",""NO"",""SV"",""TW"",""FJ"",""GL"",""AE"",""CK"",""GN"",""KM"",""LT"",""PE"",""SC"",""SI"",""SX"",""TK"",""IL"",""MK"",""MO"",""PA"",""UY"",""BQ"",""CG"",""DM"",""GU"",""GW"",""MF"",""MT"",""MX"",""PW"",""RO"",""SR"",""FI"",""NI"",""SG""]},{""episodesLaunched"":13,""countryList"":[""DE"",""JP"",""AT"",""LI""]},{""episodesLaunched"":14,""countryList"":[""LU"",""CH""]}]"
3705,2023-06-25,TV (English),6,85 South: Ghetto Legends,,2700000,0.9,3000000.0,1,False,"[{is_staggered_launch=0, is_live_title=0}]",
3706,2023-06-25,TV (English),7,Arnold,Arnold: Limited Series,7800000,3.1833,2500000.0,3,False,"[{is_staggered_launch=0, is_live_title=0}]",
3707,2023-06-25,TV (English),8,Glamorous,Glamorous: Season 1,17000000,7.45,2300000.0,1,False,"[{is_staggered_launch=0, is_live_title=0}]",
3708,2023-06-25,TV (English),9,Black Mirror,Black Mirror: Season 1,5900000,2.6,2300000.0,1,False,"[{is_staggered_launch=0, is_live_title=0}]",
3709,2023-06-25,TV (English),10,FUBAR,FUBAR: Season 1,15300000,7.1333,2100000.0,5,False,"[{is_staggered_launch=0, is_live_title=0}]",
3710,2023-06-25,TV (Non-English),1,The Surrogacy,The Surrogacy: Season 1,80500000,15.1667,5300000.0,2,False,"[{is_staggered_launch=0, is_live_title=0}]",
3711,2023-06-25,TV (Non-English),2,King the Land,King the Land: Limited Series,17500000,0.0,4700000.0,2,True,"[{is_staggered_launch=1, is_live_title=0}]","[{""episodesLaunched"":3,""countryList"":[""PG"",""WF"",""MN"",""NU"",""NC"",""NR"",""VU"",""MV"",""AU"",""BD"",""PF"",""MO"",""PN"",""TH"",""BT"",""HK"",""KH"",""LK"",""VN"",""CX"",""MM"",""SG"",""TL"",""UM"",""CC"",""MY"",""SB"",""TW"",""WS"",""CK"",""FJ"",""ID"",""BN"",""NF"",""LA"",""TV"",""JP"",""KI"",""KR"",""TK"",""TO"",""PH"",""NP"",""NZ""]},{""episodesLaunched"":4,""countryList"":[""GR"",""LU"",""SK"",""ZM"",""BY"",""FM"",""GG"",""JE"",""MZ"",""BQ"",""GP"",""GY"",""MP"",""MT"",""PK"",""SH"",""TN"",""UG"",""CI"",""FI"",""FO"",""LS"",""NG"",""PW"",""RO"",""RS"",""UA"",""CY"",""DJ"",""DZ"",""EE"",""GS"",""LI"",""MA"",""MD"",""MG"",""PS"",""RW"",""ZA"",""AZ"",""BB"",""BS"",""LC"",""MR"",""QA"",""SO"",""AQ"",""CA"",""CD"",""EH"",""FK"",""GW"",""HM"",""MH"",""MK"",""MQ"",""RE"",""SA"",""LB"",""SI"",""VA"",""CV"",""GF"",""HR"",""LT"",""NO"",""PM"",""SL"",""TR"",""TZ"",""VC"",""AF"",""AM"",""AT"",""BI"",""IS"",""LR"",""LV"",""ME"",""NE"",""TC"",""TD"",""TG"",""AW"",""BJ"",""BW"",""DK"",""ET"",""GL"",""GM"",""HU"",""IR"",""KM"",""MW"",""SR"",""US"",""AI"",""AO"",""BF"",""CZ"",""FR"",""GA"",""IQ"",""JO"",""MC"",""PT"",""SM"",""UZ"",""BH"",""BM"",""CF"",""DE"",""GD"",""SD"",""DM"",""GE"",""HT"",""IE"",""KG"",""KN"",""SX"",""VG"",""AE"",""CG"",""CM"",""EG"",""GH"",""JM"",""KY"",""ML"",""SN"",""AD"",""BG"",""ER"",""TM"",""VI"",""YT"",""CW"",""IL"",""IT"",""SC"",""YE"",""BL"",""SS"",""ZW"",""AL"",""ES"",""GI"",""IO"",""KZ"",""MS"",""RU"",""AS"",""CH"",""GU"",""LY"",""MU"",""NA"",""ST"",""KW"",""MF"",""OM"",""PL"",""TJ"",""AG"",""GN"",""IM"",""SE"",""BA"",""BE"",""GB"",""KE"",""NL"",""SZ"",""TT""]}]"
3712,2023-06-25,TV (Non-English),3,Bloodhounds,Bloodhounds: Season 1,37300000,8.1333,4600000.0,3,False,"[{is_staggered_launch=0, is_live_title=0}]",
3713,2023-06-25,TV (Non-English),4,Sleeping Dog,Sleeping Dog: Limited Series,22800000,5.2,4400000.0,1,False,"[{is_staggered_launch=0, is_live_title=0}]",
3714,2023-06-25,TV (Non-English),5,Fake Profile,Fake Profile: Season 1,20600000,6.3333,3300000.0,4,False,"[{is_staggered_launch=0, is_live_title=0}]",
3715,2023-06-25,TV (Non-English),6,See You in My 19th Life,See You in My 19th Life: Limited Series,7600000,4.05,1900000.0,1,False,"[{is_staggered_launch=0, is_live_title=0}]",
3716,2023-06-25,TV (Non-English),7,Demon Slayer: Kimetsu no Yaiba,Demon Slayer: Kimetsu no Yaiba: Swordsmith Village Arc,7100000,0.0,1300000.0,1,True,"[{is_staggered_launch=1, is_live_title=0}]","[{""episodesLaunched"":9,""countryList"":[""HK"",""MO""]},{""episodesLaunched"":11,""countryList"":[""MY"",""BD"",""ID"",""PH"",""TW"",""IN"",""LK"",""PK"",""KH"",""SG"",""NP"",""MV"",""JP"",""TL"",""BT"",""MN"",""TH"",""BN"",""MM"",""VN"",""LA""]}]"
3717,2023-06-25,TV (Non-English),8,Lies Hidden in my Garden,Lies Hidden in my Garden: Limited Series,2200000,1.9333,1100000.0,1,False,"[{is_staggered_launch=0, is_live_title=0}]",
3718,2023-06-25,TV (Non-English),9,Valeria,Valeria: Season 3,5500000,5.3667,1000000.0,4,False,"[{is_staggered_launch=0, is_live_title=0}]",
3719,2023-06-25,TV (Non-English),10,Love Is Blind: Brazil,Love Is Blind: Brazil: Season 3,8900000,8.8333,1000000.0,2,False,"[{is_staggered_launch=0, is_live_title=0}]",
3720,2023-06-18,Films (English),1,Extraction 2,,88400000,2.0667,42800000.0,1,False,"[{is_staggered_launch=0, is_live_title=0}]",
3721,2023-06-18,Films (English),2,Extraction,,18800000,1.9667,9600000.0,1,False,"[{is_staggered_launch=0, is_live_title=0}]",
3722,2023-06-18,Films (English),3,Paw Patrol: The Movie,,9400000,1.4333,6600000.0,4,False,"[{is_staggered_launch=0, is_live_title=0}]",
3723,2023-06-18,Films (English),4,The Boss Baby,,5800000,1.6333,3600000.0,8,False,"[{is_staggered_launch=0, is_live_title=0}]",
3724,2023-06-18,Films (English),5,Assassin's Creed,,5400000,1.9167,2800000.0,1,False,"[{is_staggered_launch=0, is_live_title=0}]",
3725,2023-06-18,Films (English),6,The Mother,,5400000,1.95,2800000.0,6,False,"[{is_staggered_launch=0, is_live_title=0}]",
3726,2023-06-18,Films (English),7,The Angry Birds Movie,,4300000,1.6333,2600000.0,2,False,"[{is_staggered_launch=0, is_live_title=0}]",
3727,2023-06-18,Films (English),8,Abduction,,4000000,1.7667,2300000.0,2,False,"[{is_staggered_launch=0, is_live_title=0}]",
3728,2023-06-18,Films (English),9,Shooter,,4700000,2.0833,2300000.0,4,False,"[{is_staggered_launch=0, is_live_title=0}]",
3729,2023-06-18,Films (English),10,Prisoners,,5100000,2.55,2000000.0,3,False,"[{is_staggered_launch=0, is_live_title=0}]",
3730,2023-06-18,Films (Non-English),1,You Do You,,14400000,1.6833,8600000.0,2,False,"[{is_staggered_launch=0, is_live_title=0}]",
3731,2023-06-18,Films (Non-English),2,Black Clover: Sword of the Wizard King,,12000000,1.8833,6400000.0,1,False,"[{is_staggered_launch=0, is_live_title=0}]",
3732,2023-06-18,Films (Non-English),3,The Wonder Weeks,,6200000,1.5167,4100000.0,1,False,"[{is_staggered_launch=0, is_live_title=0}]",
3733,2023-06-18,Films (Non-English),4,A Beautiful Life,,6600000,1.6667,4000000.0,3,False,"[{is_staggered_launch=0, is_live_title=0}]",
3734,2023-06-18,Films (Non-English),5,Tin & Tina,,4500000,2.0,2300000.0,4,False,"[{is_staggered_launch=0, is_live_title=0}]",
3735,2023-06-18,Films (Non-English),6,Blood & Gold,,2700000,1.65,1600000.0,4,False,"[{is_staggered_launch=0, is_live_title=0}]",
3736,2023-06-18,Films (Non-English),7,Gumraah,,3300000,2.1167,1600000.0,2,False,"[{is_staggered_launch=0, is_live_title=0}]",
3737,2023-06-18,Films (Non-English),8,Faithfully Yours,,1800000,1.5833,1100000.0,4,False,"[{is_staggered_launch=0, is_live_title=0}]",
3738,2023-06-18,Films (Non-English),9,THE VILLAGE,,2100000,2.0167,1000000.0,1,False,"[{is_staggered_launch=0, is_live_title=0}]",
3739,2023-06-18,Films (Non-English),10,Mother's Day,,1600000,1.5833,1000000.0,4,False,"[{is_staggered_launch=0, is_live_title=0}]",
3740,2023-06-18,TV (English),1,Never Have I Ever,Never Have I Ever: Season 4,56400000,4.9167,11500000.0,2,False,"[{is_staggered_launch=0, is_live_title=0}]",
3741,2023-06-18,TV (English),2,Black Mirror,Black Mirror: Season 6,58700000,5.2,11300000.0,1,False,"[{is_staggered_launch=0, is_live_title=0}]",
3742,2023-06-18,TV (English),3,Arnold,Arnold: Limited Series,16400000,3.1833,5200000.0,2,False,"[{is_staggered_launch=0, is_live_title=0}]",
3743,2023-06-18,TV (English),4,Our Planet,Our Planet: II,11900000,3.3833,3500000.0,1,False,"[{is_staggered_launch=0, is_live_title=0}]",
3744,2023-06-18,TV (English),5,FUBAR,FUBAR: Season 1,24500000,7.1333,3400000.0,4,False,"[{is_staggered_launch=0, is_live_title=0}]",
3745,2023-06-18,TV (English),6,Tex Mex Motors,Tex Mex Motors: Season 1,13600000,4.8833,2800000.0,1,False,"[{is_staggered_launch=0, is_live_title=0}]",
3746,2023-06-18,TV (English),7,Manifest,Manifest: Season 4,42900000,15.5833,2800000.0,9,False,"[{is_staggered_launch=0, is_live_title=0}]",
3747,2023-06-18,TV (English),8,Never Have I Ever,Never Have I Ever: Season 1,11900000,4.5833,2600000.0,3,False,"[{is_staggered_launch=0, is_live_title=0}]",
3748,2023-06-18,TV (English),9,Amy Schumer: Emergency Contact,,2000000,0.85,2400000.0,1,False,"[{is_staggered_launch=0, is_live_title=0}]",
3749,2023-06-18,TV (English),10,Never Have I Ever,Never Have I Ever: Season 3,10800000,4.7,2300000.0,5,False,"[{is_staggered_launch=0, is_live_title=0}]",
3750,2023-06-18,TV (Non-English),1,Bloodhounds,Bloodhounds: Season 1,65900000,8.1333,8100000.0,2,False,"[{is_staggered_launch=0, is_live_title=0}]",
3751,2023-06-18,TV (Non-English),2,Fake Profile,Fake Profile: Season 1,35200000,6.3333,5600000.0,3,False,"[{is_staggered_launch=0, is_live_title=0}]",
3752,2023-06-18,TV (Non-English),3,The Surrogacy,The Surrogacy: Season 1,57100000,15.1667,3800000.0,1,False,"[{is_staggered_launch=0, is_live_title=0}]",
3753,2023-06-18,TV (Non-English),4,THE DAYS,THE DAYS: Limited Series,12200000,7.35,1700000.0,3,False,"[{is_staggered_launch=0, is_live_title=0}]",
3754,2023-06-18,TV (Non-English),5,Valeria,Valeria: Season 3,8800000,5.3667,1600000.0,3,False,"[{is_staggered_launch=0, is_live_title=0}]",
3755,2023-06-18,TV (Non-English),6,Love Is Blind: Brazil,Love Is Blind: Brazil: Season 3,11400000,7.0667,1600000.0,1,False,"[{is_staggered_launch=0, is_live_title=0}]",
3756,2023-06-18,TV (Non-English),7,King the Land,King the Land: Limited Series,2400000,0.0,1600000.0,1,True,"[{is_staggered_launch=1, is_live_title=0}]","[{""episodesLaunched"":1,""countryList"":[""TH"",""LK"",""VN"",""WF"",""MO"",""PN"",""AU"",""BD"",""PF"",""TL"",""UM"",""PG"",""BT"",""HK"",""KH"",""MV"",""JP"",""KI"",""KR"",""TK"",""TO"",""CK"",""FJ"",""ID"",""NC"",""LA"",""TV"",""MN"",""NU"",""CC"",""MY"",""SB"",""TW"",""WS"",""PH"",""BN"",""NF"",""CX"",""MM"",""SG"",""NR"",""VU"",""NP"",""NZ""]},{""episodesLaunched"":2,""countryList"":[""AW"",""BJ"",""BW"",""DK"",""ET"",""GL"",""GM"",""HU"",""IR"",""KM"",""MW"",""SR"",""US"",""BY"",""FM"",""GG"",""JE"",""MZ"",""DM"",""GE"",""HT"",""IE"",""KG"",""KN"",""SX"",""VG"",""AF"",""AM"",""AT"",""BI"",""IS"",""LR"",""LV"",""ME"",""NE"",""TC"",""TD"",""TG"",""AE"",""CG"",""CM"",""EG"",""GH"",""JM"",""KY"",""ML"",""SN"",""LB"",""SI"",""VA"",""GR"",""LU"",""SK"",""ZM"",""AI"",""AO"",""BF"",""CZ"",""FR"",""GA"",""IQ"",""JO"",""MC"",""PT"",""SM"",""UZ"",""AZ"",""BB"",""BS"",""LC"",""MR"",""QA"",""SO"",""KW"",""MF"",""OM"",""PL"",""TJ"",""CW"",""IL"",""IT"",""SC"",""YE"",""BQ"",""GP"",""GY"",""MP"",""MT"",""PK"",""SH"",""TN"",""UG"",""AS"",""CH"",""GU"",""LY"",""MU"",""NA"",""ST"",""CI"",""FI"",""FO"",""LS"",""NG"",""PW"",""RO"",""RS"",""UA"",""AD"",""BG"",""ER"",""TM"",""VI"",""YT"",""CV"",""GF"",""HR"",""LT"",""NO"",""PM"",""SL"",""TR"",""TZ"",""VC"",""BL"",""SS"",""ZW"",""AG"",""GN"",""IM"",""SE"",""AL"",""ES"",""GI"",""IO"",""KZ"",""MS"",""RU"",""AQ"",""CA"",""CD"",""EH"",""FK"",""GW"",""HM"",""MH"",""MK"",""MQ"",""RE"",""SA"",""CY"",""DJ"",""DZ"",""EE"",""GS"",""LI"",""MA"",""MD"",""MG"",""PS"",""RW"",""ZA"",""BH"",""BM"",""CF"",""DE"",""GD"",""SD"",""BA"",""BE"",""GB"",""KE"",""NL"",""SZ"",""TT""]}]"
3757,2023-06-18,TV (Non-English),8,Tour de France: Unchained,Tour de France: Unchained: Season 1,8200000,5.5667,1500000.0,1,False,"[{is_staggered_launch=0, is_live_title=0}]",
3758,2023-06-18,TV (Non-English),9,The Playing Card Killer,The Playing Card Killer: Limited Series,3300000,2.5167,1300000.0,1,False,"[{is_staggered_launch=0, is_live_title=0}]",
3759,2023-06-18,TV (Non-English),10,The Good Bad Mother,The Good Bad Mother: Limited Series,17600000,0.0,1200000.0,7,True,"[{is_staggered_launch=1, is_live_title=0}]","[{""episodesLaunched"":10,""countryList"":[""UY"",""CO"",""BR"",""SV"",""BZ"",""PY"",""EC"",""PA"",""VE"",""CL"",""HN"",""CR"",""DO"",""GQ"",""PE"",""GT"",""PR"",""AR"",""BO"",""CU"",""MX"",""NI""]},{""episodesLaunched"":14,""countryList"":[""AQ"",""AS"",""CH"",""CV"",""DZ"",""GP"",""HU"",""KY"",""LS"",""LV"",""ME"",""NU"",""TZ"",""VC"",""AF"",""AG"",""DM"",""ER"",""FK"",""GE"",""GF"",""GR"",""KG"",""KM"",""SB"",""TO"",""CI"",""CW"",""GG"",""IN"",""NZ"",""PG"",""ZW"",""CF"",""DK"",""GD"",""GI"",""GW"",""HT"",""ID"",""MD"",""MO"",""MR"",""PK"",""SC"",""SO"",""BW"",""CC"",""GU"",""JE"",""KH"",""MG"",""MN"",""MS"",""NC"",""PH"",""SA"",""SL"",""SM"",""SZ"",""TM"",""AD"",""DJ"",""GH"",""MM"",""QA"",""RE"",""TC"",""TD"",""TV"",""BE"",""CZ"",""GY"",""HR"",""KR"",""LC"",""SS"",""TK"",""TL"",""TW"",""WS"",""BD"",""ES"",""JP"",""MP"",""PN"",""SG"",""BY"",""EH"",""IS"",""LT"",""MU"",""MV"",""MY"",""PF"",""RU"",""SK"",""UG"",""US"",""AW"",""BA"",""RW"",""TH"",""VI"",""BJ"",""CX"",""FR"",""JO"",""LA"",""ML"",""NE"",""NL"",""SD"",""TJ"",""AL"",""BH"",""CG"",""FO"",""MC"",""NF"",""TT"",""VN"",""BB"",""LR"",""MH"",""MW"",""NP"",""NR"",""WF"",""AU"",""BI"",""CD"",""FI"",""HK"",""HM"",""IO"",""LI"",""MA"",""SN"",""UA"",""UM"",""UZ"",""VG"",""AO"",""AZ"",""EG"",""GA"",""GN"",""JM"",""KI"",""KW"",""MZ"",""TR"",""AT"",""BG"",""BM"",""BN"",""GL"",""IM"",""KE"",""KN"",""LY"",""PM"",""PT"",""RS"",""VA"",""YE"",""BL"",""BQ"",""BT"",""EE"",""ET"",""FJ"",""GB"",""IT"",""KZ"",""LK"",""LU"",""PS"",""SE"",""ST"",""ZM"",""IL"",""MK"",""MQ"",""SH"",""AI"",""FM"",""MT"",""NO"",""SR"",""TN"",""YT"",""AM"",""NA"",""NG"",""PL"",""SX"",""AE"",""CA"",""CY"",""GM"",""IE"",""TG"",""CM"",""DE"",""IR"",""MF"",""OM"",""SI"",""VU"",""ZA"",""BF"",""BS"",""CK"",""GS"",""IQ"",""LB"",""PW"",""RO""]}]"
3760,2023-06-11,Films (English),1,Prisoners,,13890000,,,2,False,,
3761,2023-06-11,Films (English),2,Shooter,,12770000,,,3,False,,
3762,2023-06-11,Films (English),3,Abduction,,9570000,,,1,False,,
3763,2023-06-11,Films (English),4,The Mother,,8360000,,,5,False,,
3764,2023-06-11,Films (English),5,The Boss Baby,,8320000,,,7,False,,
3765,2023-06-11,Films (English),6,We're the Millers,,7720000,,,2,False,,
3766,2023-06-11,Films (English),7,The Angry Birds Movie,,5720000,,,1,False,,
3767,2023-06-11,Films (English),8,The Company Men,,5390000,,,1,False,,
3768,2023-06-11,Films (English),9,Grown Ups 2,,5230000,,,1,False,,
3769,2023-06-11,Films (English),10,The Choice,,4950000,,,2,False,,
3770,2023-06-11,Films (Non-English),1,A Beautiful Life,,17420000,,,2,False,,
3771,2023-06-11,Films (Non-English),2,You Do You,,9150000,,,1,False,,
3772,2023-06-11,Films (Non-English),3,Tin & Tina,,9080000,,,3,False,,
3773,2023-06-11,Films (Non-English),4,Gumraah,,8350000,,,1,False,,
3774,2023-06-11,Films (Non-English),5,Blood & Gold,,6820000,,,3,False,,
3775,2023-06-11,Films (Non-English),6,Rich in Love 2,,3470000,,,2,False,,
3776,2023-06-11,Films (Non-English),7,Mixed by Erry,,2960000,,,1,False,,
3777,2023-06-11,Films (Non-English),8,Where the Tracks End,,2570000,,,3,False,,
3778,2023-06-11,Films (Non-English),9,Missed Connections,,2090000,,,1,False,,
3779,2023-06-11,Films (Non-English),10,Mother's Day,,1980000,,,3,False,,
3780,2023-06-11,TV (English),1,Manifest,Manifest: Season 4,78150000,,,8,False,,
3781,2023-06-11,TV (English),2,Never Have I Ever,Never Have I Ever: Season 4,76210000,,,1,False,,
3782,2023-06-11,TV (English),3,FUBAR,FUBAR: Season 1,42280000,,,3,False,,
3783,2023-06-11,TV (English),4,Arnold,Arnold: Limited Series,24510000,,,1,False,,
3784,2023-06-11,TV (English),5,Manifest,Manifest: Season 1,18180000,,,25,False,,
3785,2023-06-11,TV (English),6,The Ultimatum: Queer Love,The Ultimatum: Queer Love: Season 1,16890000,,,2,False,,
3786,2023-06-11,TV (English),7,Queen Charlotte: A Bridgerton Story,,16710000,,,6,False,,
3787,2023-06-11,TV (English),8,"XO, Kitty","XO, Kitty: Season 1",14460000,,,4,False,,
3788,2023-06-11,TV (English),9,All American,All American: Season 5,10830000,,,3,False,,
3789,2023-06-11,TV (English),10,S.W.A.T.,S.W.A.T.: Season 1,10260000,,,3,False,,
3790,2023-06-11,TV (Non-English),1,Fake Profile,Fake Profile: Season 1,64730000,,,2,False,,
3791,2023-06-11,TV (Non-English),2,Bloodhounds,Bloodhounds: Season 1,27970000,,,1,False,,
3792,2023-06-11,TV (Non-English),3,The Good Bad Mother,The Good Bad Mother: Limited Series,26060000,,,6,False,,
3793,2023-06-11,TV (Non-English),4,Doctor Cha,Doctor Cha: Limited Series,25320000,,,7,False,,
3794,2023-06-11,TV (Non-English),5,THE DAYS,THE DAYS: Limited Series,25080000,,,2,False,,
3795,2023-06-11,TV (Non-English),6,Valeria,Valeria: Season 3,16130000,,,2,False,,
3796,2023-06-11,TV (Non-English),7,Agency,Agency: Limited Series,9600000,,,2,False,,
3797,2023-06-11,TV (Non-English),8,La Reina del Sur,La Reina del Sur: Season 3,9000000,,,15,False,,
3798,2023-06-11,TV (Non-English),9,Turn of the Tide,Turn of the Tide: Season 1,7840000,,,2,False,,
3799,2023-06-11,TV (Non-English),10,Valeria,Valeria: Season 1,7690000,,,1,False,,
3800,2023-06-04,Films (English),1,The Mother,,16480000,,,4,False,,
3801,2023-06-04,Films (English),2,The Boss Baby,,10580000,,,6,False,,
3802,2023-06-04,Films (English),3,Missing,,8080000,,,3,False,,
3803,2023-06-04,Films (English),4,2 Hearts,,7720000,,,2,False,,
3804,2023-06-04,Films (English),5,Shooter,,7480000,,,2,False,,
3805,2023-06-04,Films (English),6,We're the Millers,,6730000,,,1,False,,
3806,2023-06-04,Films (English),7,Dirty Grandpa,,5570000,,,1,False,,
3807,2023-06-04,Films (English),8,To Leslie,,5370000,,,1,False,,
3808,2023-06-04,Films (English),9,The Choice,,4260000,,,1,False,,
3809,2023-06-04,Films (English),10,F9: The Fast Saga,,4160000,,,2,False,,
3810,2023-06-04,Films (Non-English),1,Blood & Gold,,24990000,,,2,False,,
3811,2023-06-04,Films (Non-English),2,Tin & Tina,,18930000,,,2,False,,
3812,2023-06-04,Films (Non-English),3,A Beautiful Life,,16710000,,,1,False,,
3813,2023-06-04,Films (Non-English),4,The Year I Started Masturbating,,9770000,,,2,False,,
3814,2023-06-04,Films (Non-English),5,Mother's Day,,8280000,,,2,False,,
3815,2023-06-04,Films (Non-English),6,Where the Tracks End,,8040000,,,2,False,,
3816,2023-06-04,Films (Non-English),7,Hard Feelings,,7230000,,,2,False,,
3817,2023-06-04,Films (Non-English),8,Rich in Love 2,,3880000,,,1,False,,
3818,2023-06-04,Films (Non-English),9,Faithfully Yours,,3260000,,,3,False,,
3819,2023-06-04,Films (Non-English),10,¡Que viva México!,,2770000,,,4,False,,
3820,2023-06-04,TV (English),1,FUBAR,FUBAR: Season 1,88030000,,,2,False,,
3821,2023-06-04,TV (English),2,Manifest,Manifest: Season 4,39400000,,,7,False,,
3822,2023-06-04,TV (English),3,"XO, Kitty","XO, Kitty: Season 1",29830000,,,3,False,,
3823,2023-06-04,TV (English),4,Queen Charlotte: A Bridgerton Story,,27210000,,,5,False,,
3824,2023-06-04,TV (English),5,All American,All American: Season 5,18760000,,,2,False,,
3825,2023-06-04,TV (English),6,S.W.A.T.,S.W.A.T.: Season 1,15470000,,,2,False,,
3826,2023-06-04,TV (English),7,The Ultimatum: Queer Love,The Ultimatum: Queer Love: Season 1,15030000,,,1,False,,
3827,2023-06-04,TV (English),8,Barbecue Showdown,Barbecue Showdown: Season 2,13630000,,,1,False,,
3828,2023-06-04,TV (English),9,Selling Sunset,Selling Sunset: Season 6,12970000,,,3,False,,
3829,2023-06-04,TV (English),10,Firefly Lane,Firefly Lane: Season 2,11800000,,,11,False,,
3830,2023-06-04,TV (Non-English),1,Fake Profile,Fake Profile: Season 1,76310000,,,1,False,,
3831,2023-06-04,TV (Non-English),2,Doctor Cha,Doctor Cha: Limited Series,29350000,,,6,False,,
3832,2023-06-04,TV (Non-English),3,The Good Bad Mother,The Good Bad Mother: Limited Series,22810000,,,5,False,,
3833,2023-06-04,TV (Non-English),4,Muted,Muted: Limited Series,18040000,,,3,False,,
3834,2023-06-04,TV (Non-English),5,THE DAYS,THE DAYS: Limited Series,16980000,,,1,False,,
3835,2023-06-04,TV (Non-English),6,La Reina del Sur,La Reina del Sur: Season 3,12400000,,,14,False,,
3836,2023-06-04,TV (Non-English),7,Turn of the Tide,Turn of the Tide: Season 1,12050000,,,1,False,,
3837,2023-06-04,TV (Non-English),8,Valeria,Valeria: Season 3,9540000,,,1,False,,
3838,2023-06-04,TV (Non-English),9,"Pablo Escobar, el patrón del mal","Pablo Escobar, el patrón del mal: Season 1",7680000,,,8,False,,
3839,2023-06-04,TV (Non-English),10,Agency,Agency: Limited Series,7100000,,,1,False,,
3840,2023-05-28,Films (English),1,The Mother,,34690000,,,3,False,,
3841,2023-05-28,Films (English),2,2 Hearts,,19280000,,,1,False,,
3842,2023-05-28,Films (English),3,Missing,,15930000,,,2,False,,
3843,2023-05-28,Films (English),4,The Son,,7940000,,,1,False,,
3844,2023-05-28,Films (English),5,The Great Wall,,7690000,,,2,False,,
3845,2023-05-28,Films (English),6,Victim/Suspect,,6600000,,,1,False,,
3846,2023-05-28,Films (English),7,Ted,,5750000,,,2,False,,
3847,2023-05-28,Films (English),8,Anna Nicole Smith: You Don't Know Me,,5550000,,,2,False,,
3848,2023-05-28,Films (English),9,The Boss Baby,,5450000,,,5,False,,
3849,2023-05-28,Films (English),10,A Man Called Otto,,5350000,,,4,False,,
3850,2023-05-28,Films (Non-English),1,Mother's Day,,24250000,,,1,False,,
3851,2023-05-28,Films (Non-English),2,Blood & Gold,,13830000,,,1,False,,
3852,2023-05-28,Films (Non-English),3,Tin & Tina,,12700000,,,1,False,,
3853,2023-05-28,Films (Non-English),4,Faithfully Yours,,12310000,,,2,False,,
3854,2023-05-28,Films (Non-English),5,Hard Feelings,,10890000,,,1,False,,
3855,2023-05-28,Films (Non-English),6,¡Que viva México!,,7400000,,,3,False,,
3856,2023-05-28,Films (Non-English),7,Where the Tracks End,,6920000,,,1,False,,
3857,2023-05-28,Films (Non-English),8,Astérix & Obélix: The Middle Kingdom,,5530000,,,2,False,,
3858,2023-05-28,Films (Non-English),9,The Year I Started Masturbating,,5190000,,,1,False,,
3859,2023-05-28,Films (Non-English),10,Kathal - A Jackfruit Mystery,,4460000,,,2,False,,
3860,2023-05-28,TV (English),1,FUBAR,FUBAR: Season 1,88940000,,,1,False,,
3861,2023-05-28,TV (English),2,"XO, Kitty","XO, Kitty: Season 1",63780000,,,2,False,,
3862,2023-05-28,TV (English),3,Queen Charlotte: A Bridgerton Story,,42900000,,,4,False,,
3863,2023-05-28,TV (English),4,Selling Sunset,Selling Sunset: Season 6,33350000,,,2,False,,
3864,2023-05-28,TV (English),5,S.W.A.T.,S.W.A.T.: Season 1,20230000,,,1,False,,
3865,2023-05-28,TV (English),6,All American,All American: Season 5,18050000,,,1,False,,
3866,2023-05-28,TV (English),7,Firefly Lane,Firefly Lane: Season 2,16110000,,,10,False,,
3867,2023-05-28,TV (English),8,Maid,Maid: Limited Series,13960000,,,14,False,,
3868,2023-05-28,TV (English),9,The Night Agent,The Night Agent: Season 1,12650000,,,10,False,,
3869,2023-05-28,TV (English),10,Bridgerton,Bridgerton: Season 2,12540000,,,14,False,,
3870,2023-05-28,TV (Non-English),1,Muted,Muted: Limited Series,46520000,,,2,False,,
3871,2023-05-28,TV (Non-English),2,Doctor Cha,Doctor Cha: Limited Series,26370000,,,5,False,,
3872,2023-05-28,TV (Non-English),3,The Good Bad Mother,The Good Bad Mother: Limited Series,19630000,,,4,False,,
3873,2023-05-28,TV (Non-English),4,La Reina del Sur,La Reina del Sur: Season 3,14130000,,,13,False,,
3874,2023-05-28,TV (Non-English),5,Black Knight,Black Knight: Season 1,13070000,,,3,False,,
3875,2023-05-28,TV (Non-English),6,"Pablo Escobar, el patrón del mal","Pablo Escobar, el patrón del mal: Season 1",8250000,,,7,False,,
3876,2023-05-28,TV (Non-English),7,The Marked Heart,The Marked Heart: Season 2,7520000,,,6,False,,
3877,2023-05-28,TV (Non-English),8,Rhythm + Flow France,Rhythm + Flow France: Season 2,6920000,,,1,False,,
3878,2023-05-28,TV (Non-English),9,The Marked Heart,The Marked Heart: Season 1,5960000,,,13,False,,
3879,2023-05-28,TV (Non-English),10,Chiquititas,,5280000,,,10,False,,
3880,2023-05-21,Films (English),1,The Mother,,94420000,,,2,False,,
3881,2023-05-21,Films (English),2,Anna Nicole Smith: You Don't Know Me,,15650000,,,1,False,,
3882,2023-05-21,Films (English),3,Ted,,11210000,,,1,False,,
3883,2023-05-21,Films (English),4,A Man Called Otto,,10640000,,,3,False,,
3884,2023-05-21,Films (English),5,Synchronic,,6990000,,,2,False,,
3885,2023-05-21,Films (English),6,Missing,,5220000,,,1,False,,
3886,2023-05-21,Films (English),7,Harry Potter and the Sorcerer's Stone,,4790000,,,1,False,,
3887,2023-05-21,Films (English),8,The Croods,,4280000,,,5,False,,
3888,2023-05-21,Films (English),9,UglyDolls,,3820000,,,1,False,,
3889,2023-05-21,Films (English),10,The Healer,,3330000,,,1,False,,
3890,2023-05-21,Films (Non-English),1,Faithfully Yours,,29060000,,,1,False,,
3891,2023-05-21,Films (Non-English),2,¡Que viva México!,,20340000,,,2,False,,
3892,2023-05-21,Films (Non-English),3,Mrs. Chatterjee vs Norway,,13920000,,,2,False,,
3893,2023-05-21,Films (Non-English),4,AKA,,9120000,,,4,False,,
3894,2023-05-21,Films (Non-English),5,Astérix & Obélix: The Middle Kingdom,,5790000,,,1,False,,
3895,2023-05-21,Films (Non-English),6,Royalteen: Princess Margrethe,,4900000,,,2,False,,
3896,2023-05-21,Films (Non-English),7,Kathal - A Jackfruit Mystery,,4590000,,,1,False,,
3897,2023-05-21,Films (Non-English),8,Tu Jhoothi Main Makkaar,,2890000,,,3,False,,
3898,2023-05-21,Films (Non-English),9,Kingdom2: Far and Away,,1820000,,,1,False,,
3899,2023-05-21,Films (Non-English),10,The Lulú Club,,1810000,,,1,False,,
3900,2023-05-21,TV (English),1,Queen Charlotte: A Bridgerton Story,,82390000,,,3,False,,
3901,2023-05-21,TV (English),2,"XO, Kitty","XO, Kitty: Season 1",72080000,,,1,False,,
3902,2023-05-21,TV (English),3,Firefly Lane,Firefly Lane: Season 2,23140000,,,9,False,,
3903,2023-05-21,TV (English),4,Selling Sunset,Selling Sunset: Season 6,22780000,,,1,False,,
3904,2023-05-21,TV (English),5,McGREGOR FOREVER,McGREGOR FOREVER: Limited Series,20850000,,,1,False,,
3905,2023-05-21,TV (English),6,Bridgerton,Bridgerton: Season 1,19460000,,,8,False,,
3906,2023-05-21,TV (English),7,Bridgerton,Bridgerton: Season 2,18170000,,,13,False,,
3907,2023-05-21,TV (English),8,The Night Agent,The Night Agent: Season 1,16800000,,,9,False,,
3908,2023-05-21,TV (English),9,Sweet Tooth,Sweet Tooth: Season 2,16660000,,,4,False,,
3909,2023-05-21,TV (English),10,Missing: Dead or Alive?,Missing: Dead or Alive?: Season 1,15290000,,,2,False,,
3910,2023-05-21,TV (Non-English),1,Black Knight,Black Knight: Season 1,35110000,,,2,False,,
3911,2023-05-21,TV (Non-English),2,Muted,Muted: Limited Series,35100000,,,1,False,,
3912,2023-05-21,TV (Non-English),3,Doctor Cha,Doctor Cha: Limited Series,23130000,,,4,False,,
3913,2023-05-21,TV (Non-English),4,The Good Bad Mother,The Good Bad Mother: Limited Series,15370000,,,3,False,,
3914,2023-05-21,TV (Non-English),5,The Marked Heart,The Marked Heart: Season 2,10910000,,,5,False,,
3915,2023-05-21,TV (Non-English),6,The Tailor,The Tailor: Season 1,8940000,,,3,False,,
3916,2023-05-21,TV (Non-English),7,La Reina del Sur,La Reina del Sur: Season 3,8910000,,,12,False,,
3917,2023-05-21,TV (Non-English),8,The Marked Heart,The Marked Heart: Season 1,8630000,,,12,False,,
3918,2023-05-21,TV (Non-English),9,"Pablo Escobar, el patrón del mal","Pablo Escobar, el patrón del mal: Season 1",7980000,,,6,False,,
3919,2023-05-21,TV (Non-English),10,Welcome to Eden,Welcome to Eden: Season 2,6380000,,,5,False,,
3920,2023-05-14,Films (English),1,The Mother,,83710000,,,1,False,,
3921,2023-05-14,Films (English),2,A Man Called Otto,,19880000,,,2,False,,
3922,2023-05-14,Films (English),3,The Croods,,8700000,,,4,False,,
3923,2023-05-14,Films (English),4,The Deep End of the Ocean,,6420000,,,2,False,,
3924,2023-05-14,Films (English),5,Synchronic,,5930000,,,1,False,,
3925,2023-05-14,Films (English),6,Kung Fu Panda 3,,5750000,,,3,False,,
3926,2023-05-14,Films (English),7,Wrong Place,,5580000,,,2,False,,
3927,2023-05-14,Films (English),8,The Tournament,,4880000,,,2,False,,
3928,2023-05-14,Films (English),9,Pitch Perfect,,4580000,,,2,False,,
3929,2023-05-14,Films (English),10,Heat,,4520000,,,2,False,,
3930,2023-05-14,Films (Non-English),1,¡Que viva México!,,19460000,,,1,False,,
3931,2023-05-14,Films (Non-English),2,AKA,,16660000,,,3,False,,
3932,2023-05-14,Films (Non-English),3,Mrs. Chatterjee vs Norway,,6620000,,,1,False,,
3933,2023-05-14,Films (Non-English),4,Tu Jhoothi Main Makkaar,,6170000,,,2,False,,
3934,2023-05-14,Films (Non-English),5,Royalteen: Princess Margrethe,,6080000,,,1,False,,
3935,2023-05-14,Films (Non-English),6,Hunger,,2620000,,,6,False,,
3936,2023-05-14,Films (Non-English),7,Queens on the Run,,1460000,,,5,False,,
3937,2023-05-14,Films (Non-English),8,You & Me & Me,,1380000,,,1,False,,
3938,2023-05-14,Films (Non-English),9,All Quiet on the Western Front,,1280000,,,23,False,,
3939,2023-05-14,Films (Non-English),10,Kill Boksoon,,1210000,,,7,False,,
3940,2023-05-14,TV (English),1,Queen Charlotte: A Bridgerton Story,,158680000,,,2,False,,
3941,2023-05-14,TV (English),2,Firefly Lane,Firefly Lane: Season 2,31900000,,,8,False,,
3942,2023-05-14,TV (English),3,Sweet Tooth,Sweet Tooth: Season 2,27610000,,,3,False,,
3943,2023-05-14,TV (English),4,Missing: Dead or Alive?,Missing: Dead or Alive?: Season 1,23950000,,,1,False,,
3944,2023-05-14,TV (English),5,Bridgerton,Bridgerton: Season 1,23880000,,,7,False,,
3945,2023-05-14,TV (English),6,The Night Agent,The Night Agent: Season 1,20340000,,,8,False,,
3946,2023-05-14,TV (English),7,Queen Cleopatra,Queen Cleopatra: Limited Series,20180000,,,1,False,,
3947,2023-05-14,TV (English),8,The Diplomat,The Diplomat: Season 1,18370000,,,4,False,,
3948,2023-05-14,TV (English),9,Bridgerton,Bridgerton: Season 2,17250000,,,12,False,,
3949,2023-05-14,TV (English),10,Sweet Tooth,Sweet Tooth: Season 1,11010000,,,5,False,,
3950,2023-05-14,TV (Non-English),1,Black Knight,Black Knight: Season 1,31220000,,,1,False,,
3951,2023-05-14,TV (Non-English),2,Doctor Cha,Doctor Cha: Limited Series,19780000,,,3,False,,
3952,2023-05-14,TV (Non-English),3,The Tailor,The Tailor: Season 1,15820000,,,2,False,,
3953,2023-05-14,TV (Non-English),4,The Marked Heart,The Marked Heart: Season 2,15070000,,,4,False,,
3954,2023-05-14,TV (Non-English),5,The Good Bad Mother,The Good Bad Mother: Limited Series,12210000,,,2,False,,
3955,2023-05-14,TV (Non-English),6,Sanctuary,Sanctuary: Season 1,11250000,,,2,False,,
3956,2023-05-14,TV (Non-English),7,The Marked Heart,The Marked Heart: Season 1,10510000,,,11,False,,
3957,2023-05-14,TV (Non-English),8,Welcome to Eden,Welcome to Eden: Season 2,9670000,,,4,False,,
3958,2023-05-14,TV (Non-English),9,"Pablo Escobar, el patrón del mal","Pablo Escobar, el patrón del mal: Season 1",7650000,,,5,False,,
3959,2023-05-14,TV (Non-English),10,The Nurse,The Nurse: Limited Series,6840000,,,3,False,,
3960,2023-05-07,Films (English),1,A Man Called Otto,,13480000,,,1,False,,
3961,2023-05-07,Films (English),2,Pitch Perfect,,11440000,,,1,False,,
3962,2023-05-07,Films (English),3,The Deep End of the Ocean,,10200000,,,1,False,,
3963,2023-05-07,Films (English),4,Wrong Place,,9690000,,,1,False,,
3964,2023-05-07,Films (English),5,The Dilemma,,6830000,,,1,False,,
3965,2023-05-07,Films (English),6,The Croods,,6560000,,,3,False,,
3966,2023-05-07,Films (English),7,The Tournament,,6520000,,,1,False,,
3967,2023-05-07,Films (English),8,A Tourist's Guide to Love,,6200000,,,3,False,,
3968,2023-05-07,Films (English),9,A Quiet Place Part II,,5750000,,,2,False,,
3969,2023-05-07,Films (English),10,The Father,,5070000,,,1,False,,
3970,2023-05-07,Films (Non-English),1,AKA,,49320000,,,2,False,,
3971,2023-05-07,Films (Non-English),2,Tu Jhoothi Main Makkaar,,11350000,,,1,False,,
3972,2023-05-07,Films (Non-English),3,Hunger,,5580000,,,5,False,,
3973,2023-05-07,Films (Non-English),4,"Kiss, Kiss!",,4840000,,,2,False,,
3974,2023-05-07,Films (Non-English),5,The Point Men,,2460000,,,1,False,,
3975,2023-05-07,Films (Non-English),6,Black Crab,,2180000,,,9,False,,
3976,2023-05-07,Films (Non-English),7,Chokehold,,2110000,,,3,False,,
3977,2023-05-07,Films (Non-English),8,Queens on the Run,,1910000,,,4,False,,
3978,2023-05-07,Films (Non-English),9,Kill Boksoon,,1880000,,,6,False,,
3979,2023-05-07,Films (Non-English),10,Shehzada,,1600000,,,4,False,,
3980,2023-05-07,TV (English),1,Queen Charlotte: A Bridgerton Story,,148280000,,,1,False,,
3981,2023-05-07,TV (English),2,Sweet Tooth,Sweet Tooth: Season 2,60470000,,,2,False,,
3982,2023-05-07,TV (English),3,Firefly Lane,Firefly Lane: Season 2,54320000,,,7,False,,
3983,2023-05-07,TV (English),4,The Diplomat,The Diplomat: Season 1,31150000,,,3,False,,
3984,2023-05-07,TV (English),5,The Night Agent,The Night Agent: Season 1,26880000,,,7,False,,
3985,2023-05-07,TV (English),6,Sweet Tooth,Sweet Tooth: Season 1,25180000,,,4,False,,
3986,2023-05-07,TV (English),7,Firefly Lane,Firefly Lane: Season 1,16500000,,,3,False,,
3987,2023-05-07,TV (English),8,Workin' Moms,Workin' Moms: Season 7,15110000,,,2,False,,
3988,2023-05-07,TV (English),9,BEEF,BEEF: Season 1,14790000,,,5,False,,
3989,2023-05-07,TV (English),10,The Smurfs,The Smurfs: Season 1,9220000,,,1,False,,
3990,2023-05-07,TV (Non-English),1,The Tailor,The Tailor: Season 1,26140000,,,1,False,,
3991,2023-05-07,TV (Non-English),2,The Marked Heart,The Marked Heart: Season 2,25680000,,,3,False,,
3992,2023-05-07,TV (Non-English),3,The Nurse,The Nurse: Limited Series,21580000,,,2,False,,
3993,2023-05-07,TV (Non-English),4,Welcome to Eden,Welcome to Eden: Season 2,17900000,,,3,False,,
3994,2023-05-07,TV (Non-English),5,The Marked Heart,The Marked Heart: Season 1,15740000,,,10,False,,
3995,2023-05-07,TV (Non-English),6,Doctor Cha,Doctor Cha: Limited Series,15680000,,,2,False,,
3996,2023-05-07,TV (Non-English),7,Queenmaker,Queenmaker: Season 1,12660000,,,4,False,,
3997,2023-05-07,TV (Non-English),8,Rough Diamonds,Rough Diamonds: Season 1,12060000,,,3,False,,
3998,2023-05-07,TV (Non-English),9,The Good Bad Mother,The Good Bad Mother: Limited Series,9170000,,,1,False,,
3999,2023-05-07,TV (Non-English),10,Sanctuary,Sanctuary: Season 1,9000000,,,1,False,,
4000,2023-04-30,Films (English),1,A Tourist's Guide to Love,,20920000,,,2,False,,
4001,2023-04-30,Films (English),2,Whitney Houston: I Wanna Dance with Somebody,,10200000,,,2,False,,
4002,2023-04-30,Films (English),3,The Last Kingdom: Seven Kings Must Die,,8340000,,,3,False,,
4003,2023-04-30,Films (English),4,Let Him Go,,7240000,,,2,False,,
4004,2023-04-30,Films (English),5,Murder Mystery 2,,6150000,,,5,False,,
4005,2023-04-30,Films (English),6,Sing 2,,4500000,,,9,False,,
4006,2023-04-30,Films (English),7,Chupa,,4300000,,,4,False,,
4007,2023-04-30,Films (English),8,Dr. Seuss' The Lorax,,3830000,,,3,False,,
4008,2023-04-30,Films (English),9,Time Trap,,3700000,,,1,False,,
4009,2023-04-30,Films (English),10,Paw Patrol: The Movie,,3300000,,,3,False,,
4010,2023-04-30,Films (Non-English),1,AKA,,32530000,,,1,False,,
4011,2023-04-30,Films (Non-English),2,Chokehold,,10640000,,,2,False,,
4012,2023-04-30,Films (Non-English),3,Hunger,,8020000,,,4,False,,
4013,2023-04-30,Films (Non-English),4,"Kiss, Kiss!",,6570000,,,1,False,,
4014,2023-04-30,Films (Non-English),5,One More Time,,5700000,,,2,False,,
4015,2023-04-30,Films (Non-English),6,Dasara,,3860000,,,1,False,,
4016,2023-04-30,Films (Non-English),7,Queens on the Run,,3490000,,,3,False,,
4017,2023-04-30,Films (Non-English),8,Shehzada,,3100000,,,3,False,,
4018,2023-04-30,Films (Non-English),9,Kill Boksoon,,2610000,,,5,False,,
4019,2023-04-30,Films (Non-English),10,Phenomena,,1640000,,,3,False,,
4020,2023-04-30,TV (English),1,The Diplomat,The Diplomat: Season 1,66460000,,,2,False,,
4021,2023-04-30,TV (English),2,Sweet Tooth,Sweet Tooth: Season 2,48340000,,,1,False,,
4022,2023-04-30,TV (English),3,Firefly Lane,Firefly Lane: Season 2,43490000,,,6,False,,
4023,2023-04-30,TV (English),4,The Night Agent,The Night Agent: Season 1,37680000,,,6,False,,
4024,2023-04-30,TV (English),5,BEEF,BEEF: Season 1,24480000,,,4,False,,
4025,2023-04-30,TV (English),6,Sweet Tooth,Sweet Tooth: Season 1,19230000,,,3,False,,
4026,2023-04-30,TV (English),7,Workin' Moms,Workin' Moms: Season 7,18190000,,,1,False,,
4027,2023-04-30,TV (English),8,Better Call Saul,Better Call Saul: Season 6,13960000,,,2,False,,
4028,2023-04-30,TV (English),9,Love Is Blind,Love Is Blind: Season 4,12080000,,,6,False,,
4029,2023-04-30,TV (English),10,Indian Matchmaking,Indian Matchmaking: Season 3,11410000,,,1,False,,
4030,2023-04-30,TV (Non-English),1,The Marked Heart,The Marked Heart: Season 2,46310000,,,2,False,,
4031,2023-04-30,TV (Non-English),2,Welcome to Eden,Welcome to Eden: Season 2,37540000,,,2,False,,
4032,2023-04-30,TV (Non-English),3,Rough Diamonds,Rough Diamonds: Season 1,28690000,,,2,False,,
4033,2023-04-30,TV (Non-English),4,The Nurse,The Nurse: Limited Series,28630000,,,1,False,,
4034,2023-04-30,TV (Non-English),5,The Marked Heart,The Marked Heart: Season 1,28310000,,,9,False,,
4035,2023-04-30,TV (Non-English),6,Queenmaker,Queenmaker: Season 1,23770000,,,3,False,,
4036,2023-04-30,TV (Non-English),7,Welcome to Eden,Welcome to Eden: Season 1,15660000,,,7,False,,
4037,2023-04-30,TV (Non-English),8,Doctor Cha,Doctor Cha: Limited Series,11280000,,,1,False,,
4038,2023-04-30,TV (Non-English),9,The Glory,The Glory: Season 1,7680000,,,13,False,,
4039,2023-04-30,TV (Non-English),10,Love After Music,Love After Music: Season 1,6800000,,,1,False,,
4040,2023-04-23,Films (English),1,The Last Kingdom: Seven Kings Must Die,,25700000,,,2,False,,
4041,2023-04-23,Films (English),2,Let Him Go,,14110000,,,1,False,,
4042,2023-04-23,Films (English),3,A Tourist's Guide to Love,,13400000,,,1,False,,
4043,2023-04-23,Films (English),4,Murder Mystery 2,,8390000,,,4,False,,
4044,2023-04-23,Films (English),5,Chupa,,8030000,,,3,False,,
4045,2023-04-23,Films (English),6,The Snowman,,7170000,,,1,False,,
4046,2023-04-23,Films (English),7,Whitney Houston: I Wanna Dance with Somebody,,6700000,,,1,False,,
4047,2023-04-23,Films (English),8,Mighty Morphin Power Rangers: Once & Always,,6550000,,,1,False,,
4048,2023-04-23,Films (English),9,F9: The Fast Saga,,6540000,,,1,False,,
4049,2023-04-23,Films (English),10,Dr. Seuss' The Lorax,,4430000,,,2,False,,
4050,2023-04-23,Films (Non-English),1,Queens on the Run,,14680000,,,2,False,,
4051,2023-04-23,Films (Non-English),2,Hunger,,14080000,,,3,False,,
4052,2023-04-23,Films (Non-English),3,Shehzada,,9160000,,,2,False,,
4053,2023-04-23,Films (Non-English),4,Phenomena,,7160000,,,2,False,,
4054,2023-04-23,Films (Non-English),5,Chokehold,,5500000,,,1,False,,
4055,2023-04-23,Films (Non-English),6,One More Time,,3890000,,,1,False,,
4056,2023-04-23,Films (Non-English),7,Kill Boksoon,,3720000,,,4,False,,
4057,2023-04-23,Films (Non-English),8,"Bua Pun, Beauty and the Blade",,1430000,,,1,False,,
4058,2023-04-23,Films (Non-English),9,Kannai Nambathe,,1400000,,,1,False,,
4059,2023-04-23,Films (Non-English),10,All Quiet on the Western Front,,1340000,,,22,False,,
4060,2023-04-23,TV (English),1,The Diplomat,The Diplomat: Season 1,57480000,,,1,False,,
4061,2023-04-23,TV (English),2,The Night Agent,The Night Agent: Season 1,56650000,,,5,False,,
4062,2023-04-23,TV (English),3,BEEF,BEEF: Season 1,42810000,,,3,False,,
4063,2023-04-23,TV (English),4,Love Is Blind,Love Is Blind: Season 4,39480000,,,5,False,,
4064,2023-04-23,TV (English),5,Florida Man,Florida Man: Limited Series,29500000,,,2,False,,
4065,2023-04-23,TV (English),6,Obsession,Obsession: Limited Series,27120000,,,2,False,,
4066,2023-04-23,TV (English),7,Better Call Saul,Better Call Saul: Season 6,14790000,,,1,False,,
4067,2023-04-23,TV (English),8,How to Get Rich,How to Get Rich: Season 1,14580000,,,1,False,,
4068,2023-04-23,TV (English),9,American Manhunt: The Boston Marathon Bombing,American Manhunt: The Boston Marathon Bombing: Limited Series,13190000,,,2,False,,
4069,2023-04-23,TV (English),10,Wednesday,Wednesday: Season 1,9500000,,,20,False,,
4070,2023-04-23,TV (Non-English),1,The Marked Heart,The Marked Heart: Season 2,52310000,,,1,False,,
4071,2023-04-23,TV (Non-English),2,Queenmaker,Queenmaker: Season 1,47180000,,,2,False,,
4072,2023-04-23,TV (Non-English),3,The Marked Heart,The Marked Heart: Season 1,26750000,,,8,False,,
4073,2023-04-23,TV (Non-English),4,Welcome to Eden,Welcome to Eden: Season 2,20620000,,,1,False,,
4074,2023-04-23,TV (Non-English),5,Rough Diamonds,Rough Diamonds: Season 1,11600000,,,1,False,,
4075,2023-04-23,TV (Non-English),6,The Glory,The Glory: Season 1,9160000,,,12,False,,
4076,2023-04-23,TV (Non-English),7,Welcome to Eden,Welcome to Eden: Season 1,6350000,,,6,False,,
4077,2023-04-23,TV (Non-English),8,"Pablo Escobar, el patrón del mal","Pablo Escobar, el patrón del mal: Season 1",6070000,,,4,False,,
4078,2023-04-23,TV (Non-English),9,Alchemy of Souls,Alchemy of Souls: Part 1,5800000,,,21,False,,
4079,2023-04-23,TV (Non-English),10,Chiquititas,,5770000,,,9,False,,
4080,2023-04-16,Films (English),1,The Last Kingdom: Seven Kings Must Die,,35500000,,,1,False,,
4081,2023-04-16,Films (English),2,Chupa,,27290000,,,2,False,,
4082,2023-04-16,Films (English),3,Murder Mystery 2,,16930000,,,3,False,,
4083,2023-04-16,Films (English),4,Trolls World Tour,,9360000,,,1,False,,
4084,2023-04-16,Films (English),5,Noah,,8380000,,,3,False,,
4085,2023-04-16,Films (English),6,The Last Stand,,8180000,,,1,False,,
4086,2023-04-16,Films (English),7,Home,,8070000,,,2,False,,
4087,2023-04-16,Films (English),8,Matilda,,6910000,,,2,False,,
4088,2023-04-16,Films (English),9,Murder Mystery,,6690000,,,4,False,,
4089,2023-04-16,Films (English),10,Dr. Seuss' The Lorax,,5890000,,,1,False,,
4090,2023-04-16,Films (Non-English),1,Hunger,,43580000,,,2,False,,
4091,2023-04-16,Films (Non-English),2,Queens on the Run,,11360000,,,1,False,,
4092,2023-04-16,Films (Non-English),3,Kill Boksoon,,8640000,,,3,False,,
4093,2023-04-16,Films (Non-English),4,Shehzada,,6700000,,,1,False,,
4094,2023-04-16,Films (Non-English),5,Phenomena,,4870000,,,1,False,,
4095,2023-04-16,Films (Non-English),6,Oh Belinda,,3210000,,,2,False,,
4096,2023-04-16,Films (Non-English),7,Chor Nikal Ke Bhaga,,1790000,,,4,False,,
4097,2023-04-16,Films (Non-English),8,Mission Pays Basque,,1760000,,,1,False,,
4098,2023-04-16,Films (Non-English),9,All Quiet on the Western Front,,1660000,,,21,False,,
4099,2023-04-16,Films (Non-English),10,비상선언,,1590000,,,3,False,,
4100,2023-04-16,TV (English),1,The Night Agent,The Night Agent: Season 1,90040000,,,4,False,,
4101,2023-04-16,TV (English),2,BEEF,BEEF: Season 1,70380000,,,2,False,,
4102,2023-04-16,TV (English),3,Love Is Blind,Love Is Blind: Season 4,41330000,,,4,False,,
4103,2023-04-16,TV (English),4,Obsession,Obsession: Limited Series,40890000,,,1,False,,
4104,2023-04-16,TV (English),5,Florida Man,Florida Man: Limited Series,26190000,,,1,False,,
4105,2023-04-16,TV (English),6,American Manhunt: The Boston Marathon Bombing,American Manhunt: The Boston Marathon Bombing: Limited Series,23370000,,,1,False,,
4106,2023-04-16,TV (English),7,Transatlantic,Transatlantic: Limited Series,17390000,,,2,False,,
4107,2023-04-16,TV (English),8,Designated Survivor,Designated Survivor: Season 1,13110000,,,2,False,,
4108,2023-04-16,TV (English),9,Shadow and Bone,Shadow and Bone: Season 2,11620000,,,5,False,,
4109,2023-04-16,TV (English),10,Wednesday,Wednesday: Season 1,10890000,,,19,False,,
4110,2023-04-16,TV (Non-English),1,Queenmaker,Queenmaker: Season 1,15870000,,,1,False,,
4111,2023-04-16,TV (Non-English),2,Thicker Than Water,Thicker Than Water: Season 1,14780000,,,2,False,,
4112,2023-04-16,TV (Non-English),3,The Glory,The Glory: Season 1,12900000,,,11,False,,
4113,2023-04-16,TV (Non-English),4,Divorce Attorney Shin,Divorce Attorney Shin: Limited Series,10390000,,,3,False,,
4114,2023-04-16,TV (Non-English),5,Copycat Killer,Copycat Killer: Season 1,8220000,,,2,False,,
4115,2023-04-16,TV (Non-English),6,Crash Course in Romance,Crash Course in Romance: Limited Series,6600000,,,11,False,,
4116,2023-04-16,TV (Non-English),7,Who Were We Running From?,Who Were We Running From?: Limited Series,6560000,,,4,False,,
4117,2023-04-16,TV (Non-English),8,"Pablo Escobar, el patrón del mal","Pablo Escobar, el patrón del mal: Season 1",6000000,,,3,False,,
4118,2023-04-16,TV (Non-English),9,Alchemy of Souls,Alchemy of Souls: Part 1,5850000,,,20,False,,
4119,2023-04-16,TV (Non-English),10,Chiquititas,,5670000,,,8,False,,
4120,2023-04-09,Films (English),1,Murder Mystery 2,,59840000,,,2,False,,
4121,2023-04-09,Films (English),2,Chupa,,25310000,,,1,False,,
4122,2023-04-09,Films (English),3,Murder Mystery,,22250000,,,3,False,,
4123,2023-04-09,Films (English),4,Noah,,13500000,,,2,False,,
4124,2023-04-09,Films (English),5,Home,,10350000,,,1,False,,
4125,2023-04-09,Films (English),6,The Bourne Legacy,,9110000,,,2,False,,
4126,2023-04-09,Films (English),7,Shark Tale,,8050000,,,1,False,,
4127,2023-04-09,Films (English),8,Over the Hedge,,7940000,,,1,False,,
4128,2023-04-09,Films (English),9,Luther: The Fallen Sun,,7530000,,,5,False,,
4129,2023-04-09,Films (English),10,Matilda,,7420000,,,1,False,,
4130,2023-04-09,Films (Non-English),1,Kill Boksoon,,25710000,,,2,False,,
4131,2023-04-09,Films (Non-English),2,Hunger,,11230000,,,1,False,,
4132,2023-04-09,Films (Non-English),3,비상선언,,5140000,,,2,False,,
4133,2023-04-09,Films (Non-English),4,Chor Nikal Ke Bhaga,,4210000,,,3,False,,
4134,2023-04-09,Films (Non-English),5,Faraaz,,3500000,,,2,False,,
4135,2023-04-09,Films (Non-English),6,Oh Belinda,,2650000,,,1,False,,
4136,2023-04-09,Films (Non-English),7,All Quiet on the Western Front,,2310000,,,20,False,,
4137,2023-04-09,Films (Non-English),8,Johnny,,2260000,,,3,False,,
4138,2023-04-09,Films (Non-English),9,The Takedown,,2100000,,,7,False,,
4139,2023-04-09,Films (Non-English),10,Switch,,2070000,,,1,False,,
4140,2023-04-09,TV (English),1,The Night Agent,The Night Agent: Season 1,130480000,,,3,False,,
4141,2023-04-09,TV (English),2,Love Is Blind,Love Is Blind: Season 4,43140000,,,3,False,,
4142,2023-04-09,TV (English),3,BEEF,BEEF: Season 1,34080000,,,1,False,,
4143,2023-04-09,TV (English),4,Unseen,Unseen: Season 1,17580000,,,2,False,,
4144,2023-04-09,TV (English),5,The Blacklist,The Blacklist: Season 9,17260000,,,2,False,,
4145,2023-04-09,TV (English),6,Shadow and Bone,Shadow and Bone: Season 2,16740000,,,4,False,,
4146,2023-04-09,TV (English),7,Wellmania,Wellmania: Season 1,13470000,,,2,False,,
4147,2023-04-09,TV (English),8,Transatlantic,Transatlantic: Limited Series,12390000,,,1,False,,
4148,2023-04-09,TV (English),9,Designated Survivor,Designated Survivor: Season 1,11990000,,,1,False,,
4149,2023-04-09,TV (English),10,You,You: Season 4,11890000,,,8,False,,
4150,2023-04-09,TV (Non-English),1,The Glory,The Glory: Season 1,18570000,,,10,False,,
4151,2023-04-09,TV (Non-English),2,Copycat Killer,Copycat Killer: Season 1,17740000,,,1,False,,
4152,2023-04-09,TV (Non-English),3,War Sailor,War Sailor: Limited Series,13640000,,,1,False,,
4153,2023-04-09,TV (Non-English),4,Who Were We Running From?,Who Were We Running From?: Limited Series,13230000,,,3,False,,
4154,2023-04-09,TV (Non-English),5,Divorce Attorney Shin,Divorce Attorney Shin: Limited Series,9260000,,,2,False,,
4155,2023-04-09,TV (Non-English),6,Crash Course in Romance,Crash Course in Romance: Limited Series,8300000,,,10,False,,
4156,2023-04-09,TV (Non-English),7,Thicker Than Water,Thicker Than Water: Season 1,7500000,,,1,False,,
4157,2023-04-09,TV (Non-English),8,I Am Georgina,I Am Georgina: Season 2,6920000,,,3,False,,
4158,2023-04-09,TV (Non-English),9,From Me to You: Kimi ni Todoke,From Me to You: Kimi ni Todoke: Season 1,6600000,,,2,False,,
4159,2023-04-09,TV (Non-English),10,"Pablo Escobar, el patrón del mal","Pablo Escobar, el patrón del mal: Season 1",6140000,,,2,False,,
4160,2023-04-02,Films (English),1,Murder Mystery 2,,64420000,,,1,False,,
4161,2023-04-02,Films (English),2,Murder Mystery,,24690000,,,2,False,,
4162,2023-04-02,Films (English),3,Luther: The Fallen Sun,,12700000,,,4,False,,
4163,2023-04-02,Films (English),4,I See You,,8280000,,,2,False,,
4164,2023-04-02,Films (English),5,The Magician's Elephant,,6330000,,,3,False,,
4165,2023-04-02,Films (English),6,Minions: The Rise of Gru,,3540000,,,6,False,,
4166,2023-04-02,Films (English),7,Hotel Transylvania 2,,3260000,,,3,False,,
4167,2023-04-02,Films (English),8,Dragged Across Concrete,,3240000,,,3,False,,
4168,2023-04-02,Films (English),9,Trolls,,3210000,,,6,False,,
4169,2023-04-02,Films (English),10,The Bourne Legacy,,3200000,,,1,False,,
4170,2023-04-02,Films (Non-English),1,Kill Boksoon,,19610000,,,1,False,,
4171,2023-04-02,Films (Non-English),2,Chor Nikal Ke Bhaga,,17300000,,,2,False,,
4172,2023-04-02,Films (Non-English),3,비상선언,,9660000,,,1,False,,
4173,2023-04-02,Films (Non-English),4,Johnny,,6930000,,,2,False,,
4174,2023-04-02,Films (Non-English),5,Furies,,3710000,,,2,False,,
4175,2023-04-02,Films (Non-English),6,All Quiet on the Western Front,,3420000,,,19,False,,
4176,2023-04-02,Films (Non-English),7,Still Time,,2910000,,,3,False,,
4177,2023-04-02,Films (Non-English),8,In His Shadow,,2480000,,,3,False,,
4178,2023-04-02,Films (Non-English),9,Faraaz,,2410000,,,1,False,,
4179,2023-04-02,Films (Non-English),10,Labyu With An Accent,,2360000,,,1,False,,
4180,2023-04-02,TV (English),1,The Night Agent,The Night Agent: Season 1,216390000,,,2,False,,
4181,2023-04-02,TV (English),2,Love Is Blind,Love Is Blind: Season 4,47640000,,,2,False,,
4182,2023-04-02,TV (English),3,Shadow and Bone,Shadow and Bone: Season 2,27000000,,,3,False,,
4183,2023-04-02,TV (English),4,Unseen,Unseen: Season 1,24320000,,,1,False,,
4184,2023-04-02,TV (English),5,You,You: Season 4,18220000,,,7,False,,
4185,2023-04-02,TV (English),6,Emergency: NYC,Emergency: NYC: Season 1,18170000,,,1,False,,
4186,2023-04-02,TV (English),7,Wellmania,Wellmania: Season 1,14460000,,,1,False,,
4187,2023-04-02,TV (English),8,Wednesday,Wednesday: Season 1,12180000,,,18,False,,
4188,2023-04-02,TV (English),9,Unstable,Unstable: Season 1,11360000,,,1,False,,
4189,2023-04-02,TV (English),10,Outer Banks,Outer Banks: Season 3,11310000,,,6,False,,
4190,2023-04-02,TV (Non-English),1,Who Were We Running From?,Who Were We Running From?: Limited Series,35890000,,,2,False,,
4191,2023-04-02,TV (Non-English),2,The Glory,The Glory: Season 1,26720000,,,9,False,,
4192,2023-04-02,TV (Non-English),3,I Am Georgina,I Am Georgina: Season 2,17250000,,,2,False,,
4193,2023-04-02,TV (Non-English),4,Crash Course in Romance,Crash Course in Romance: Limited Series,10970000,,,9,False,,
4194,2023-04-02,TV (Non-English),5,Sky High: The Series,Sky High: The Series: Season 1,8630000,,,3,False,,
4195,2023-04-02,TV (Non-English),6,Invisible City,Invisible City: Season 2,7850000,,,2,False,,
4196,2023-04-02,TV (Non-English),7,Divorce Attorney Shin,Divorce Attorney Shin: Limited Series,7540000,,,1,False,,
4197,2023-04-02,TV (Non-English),8,Close to Home: Murder in the Coalfield,Close to Home: Murder in the Coalfield: Season 1,7260000,,,2,False,,
4198,2023-04-02,TV (Non-English),9,Wrong Side of the Tracks,Wrong Side of the Tracks: Season 2,7200000,,,5,False,,
4199,2023-04-02,TV (Non-English),10,From Me to You: Kimi ni Todoke,From Me to You: Kimi ni Todoke: Season 1,6730000,,,1,False,,
4200,2023-03-26,Films (English),1,Luther: The Fallen Sun,,24700000,,,3,False,,
4201,2023-03-26,Films (English),2,The Magician's Elephant,,16730000,,,2,False,,
4202,2023-03-26,Films (English),3,I See You,,10830000,,,1,False,,
4203,2023-03-26,Films (English),4,Dragged Across Concrete,,9310000,,,2,False,,
4204,2023-03-26,Films (English),5,Money Shot: The Pornhub Story,,5000000,,,2,False,,
4205,2023-03-26,Films (English),6,Murder Mystery,,4490000,,,1,False,,
4206,2023-03-26,Films (English),7,Perfume: The Story of a Murderer,,4450000,,,1,False,,
4207,2023-03-26,Films (English),8,Riddick,,3980000,,,1,False,,
4208,2023-03-26,Films (English),9,Minions: The Rise of Gru,,3810000,,,5,False,,
4209,2023-03-26,Films (English),10,We Have a Ghost,,3540000,,,5,False,,
4210,2023-03-26,Films (Non-English),1,In His Shadow,,12560000,,,2,False,,
4211,2023-03-26,Films (Non-English),2,Noise,,12300000,,,2,False,,
4212,2023-03-26,Films (Non-English),3,Chor Nikal Ke Bhaga,,11700000,,,1,False,,
4213,2023-03-26,Films (Non-English),4,Still Time,,10230000,,,2,False,,
4214,2023-03-26,Films (Non-English),5,All Quiet on the Western Front,,6850000,,,18,False,,
4215,2023-03-26,Films (Non-English),6,Johnny,,5910000,,,1,False,,
4216,2023-03-26,Films (Non-English),7,Furies,,4320000,,,1,False,,
4217,2023-03-26,Films (Non-English),8,Sir (Hindi),,3120000,,,1,False,,
4218,2023-03-26,Films (Non-English),9,City of God,,3050000,,,1,False,,
4219,2023-03-26,Films (Non-English),10,Sky High,,2880000,,,1,False,,
4220,2023-03-26,TV (English),1,The Night Agent,The Night Agent: Season 1,168710000,,,1,False,,
4221,2023-03-26,TV (English),2,Shadow and Bone,Shadow and Bone: Season 2,55030000,,,2,False,,
4222,2023-03-26,TV (English),3,You,You: Season 4,30230000,,,6,False,,
4223,2023-03-26,TV (English),4,Love Is Blind,Love Is Blind: Season 4,25520000,,,1,False,,
4224,2023-03-26,TV (English),5,Waco: American Apocalypse,Waco: American Apocalypse: Limited Series,21510000,,,1,False,,
4225,2023-03-26,TV (English),6,Shadow and Bone,Shadow and Bone: Season 1,21300000,,,2,False,,
4226,2023-03-26,TV (English),7,Outer Banks,Outer Banks: Season 3,16880000,,,5,False,,
4227,2023-03-26,TV (English),8,Sex/Life,Sex/Life: Season 2,13910000,,,4,False,,
4228,2023-03-26,TV (English),9,Wednesday,Wednesday: Season 1,13400000,,,17,False,,
4229,2023-03-26,TV (English),10,MH370: The Plane That Disappeared,MH370: The Plane That Disappeared: Limited Series,9960000,,,3,False,,
4230,2023-03-26,TV (Non-English),1,The Glory,The Glory: Season 1,48350000,,,8,False,,
4231,2023-03-26,TV (Non-English),2,Sky High: The Series,Sky High: The Series: Season 1,27800000,,,2,False,,
4232,2023-03-26,TV (Non-English),3,Who Were We Running From?,Who Were We Running From?: Limited Series,19410000,,,1,False,,
4233,2023-03-26,TV (Non-English),4,I Am Georgina,I Am Georgina: Season 2,16080000,,,1,False,,
4234,2023-03-26,TV (Non-English),5,Crash Course in Romance,Crash Course in Romance: Limited Series,13510000,,,8,False,,
4235,2023-03-26,TV (Non-English),6,Maestro in Blue,Maestro in Blue: Season 1,13260000,,,2,False,,
4236,2023-03-26,TV (Non-English),7,Wrong Side of the Tracks,Wrong Side of the Tracks: Season 2,11740000,,,4,False,,
4237,2023-03-26,TV (Non-English),8,Close to Home: Murder in the Coalfield,Close to Home: Murder in the Coalfield: Season 1,11540000,,,1,False,,
4238,2023-03-26,TV (Non-English),9,Invisible City,Invisible City: Season 2,11130000,,,1,False,,
4239,2023-03-26,TV (Non-English),10,Mr. Queen,Mr. Queen: Limited Series,7620000,,,6,False,,
4240,2023-03-19,Films (English),1,Luther: The Fallen Sun,,69540000,,,2,False,,
4241,2023-03-19,Films (English),2,Faraway,,14830000,,,2,False,,
4242,2023-03-19,Films (English),3,The Magician's Elephant,,13690000,,,1,False,,
4243,2023-03-19,Films (English),4,Money Shot: The Pornhub Story,,13670000,,,1,False,,
4244,2023-03-19,Films (English),5,Dragged Across Concrete,,9590000,,,1,False,,
4245,2023-03-19,Films (English),6,We Have a Ghost,,5960000,,,4,False,,
4246,2023-03-19,Films (English),7,The Hunger Games: Catching Fire,,5010000,,,2,False,,
4247,2023-03-19,Films (English),8,Turbo,,5000000,,,3,False,,
4248,2023-03-19,Films (English),9,The Hunger Games,,4900000,,,3,False,,
4249,2023-03-19,Films (English),10,Kick-Ass 2,,4030000,,,1,False,,
4250,2023-03-19,Films (Non-English),1,Still Time,,11550000,,,1,False,,
4251,2023-03-19,Films (Non-English),2,All Quiet on the Western Front,,9530000,,,17,False,,
4252,2023-03-19,Films (Non-English),3,Noise,,8750000,,,1,False,,
4253,2023-03-19,Films (Non-English),4,In His Shadow,,8630000,,,1,False,,
4254,2023-03-19,Films (Non-English),5,Kuttey,,3550000,,,1,False,,
4255,2023-03-19,Films (Non-English),6,Have a nice day!,,3000000,,,1,False,,
4256,2023-03-19,Films (Non-English),7,RRR (Hindi),,2670000,,,18,False,,
4257,2023-03-19,Films (Non-English),8,Love at First Kiss,,2440000,,,3,False,,
4258,2023-03-19,Films (Non-English),9,Vaathi,,2430000,,,1,False,,
4259,2023-03-19,Films (Non-English),10,Sir,,2270000,,,1,False,,
4260,2023-03-19,TV (English),1,You,You: Season 4,64060000,,,5,False,,
4261,2023-03-19,TV (English),2,Shadow and Bone,Shadow and Bone: Season 2,50400000,,,1,False,,
4262,2023-03-19,TV (English),3,MH370: The Plane That Disappeared,MH370: The Plane That Disappeared: Limited Series,28980000,,,2,False,,
4263,2023-03-19,TV (English),4,Outer Banks,Outer Banks: Season 3,25950000,,,4,False,,
4264,2023-03-19,TV (English),5,Shadow and Bone,Shadow and Bone: Season 1,24070000,,,1,False,,
4265,2023-03-19,TV (English),6,Outlast,Outlast: Season 1,23630000,,,1,False,,
4266,2023-03-19,TV (English),7,Sex/Life,Sex/Life: Season 2,22280000,,,3,False,,
4267,2023-03-19,TV (English),8,Wednesday,Wednesday: Season 1,14990000,,,16,False,,
4268,2023-03-19,TV (English),9,Sex/Life,Sex/Life: Season 1,13180000,,,10,False,,
4269,2023-03-19,TV (English),10,Perfect Match,Perfect Match: Season 1,11540000,,,5,False,,
4270,2023-03-19,TV (Non-English),1,The Glory,The Glory: Season 1,123590000,,,7,False,,
4271,2023-03-19,TV (Non-English),2,Wrong Side of the Tracks,Wrong Side of the Tracks: Season 2,20100000,,,3,False,,
4272,2023-03-19,TV (Non-English),3,Sky High: The Series,Sky High: The Series: Season 1,19180000,,,1,False,,
4273,2023-03-19,TV (Non-English),4,Rana Naidu,Rana Naidu: Season 1,16410000,,,2,False,,
4274,2023-03-19,TV (Non-English),5,Crash Course in Romance,Crash Course in Romance: Limited Series,14360000,,,7,False,,
4275,2023-03-19,TV (Non-English),6,Wrong Side of the Tracks,Wrong Side of the Tracks: Season 1,10030000,,,8,False,,
4276,2023-03-19,TV (Non-English),7,Mr. Queen,Mr. Queen: Limited Series,9770000,,,5,False,,
4277,2023-03-19,TV (Non-English),8,In the Name of God: A Holy Betrayal,In the Name of God: A Holy Betrayal: Season 1,8100000,,,2,False,,
4278,2023-03-19,TV (Non-English),9,Triptych,Triptych: Season 1,8010000,,,4,False,,
4279,2023-03-19,TV (Non-English),10,Maestro in Blue,Maestro in Blue: Season 1,7300000,,,1,False,,
4280,2023-03-12,Films (English),1,Luther: The Fallen Sun,,65920000,,,1,False,,
4281,2023-03-12,Films (English),2,Faraway,,21810000,,,1,False,,
4282,2023-03-12,Films (English),3,We Have a Ghost,,13390000,,,3,False,,
4283,2023-03-12,Films (English),4,The Hunger Games,,8320000,,,2,False,,
4284,2023-03-12,Films (English),5,Turbo,,7980000,,,2,False,,
4285,2023-03-12,Films (English),6,The Hunger Games: Catching Fire,,7340000,,,1,False,,
4286,2023-03-12,Films (English),7,Paw Patrol: The Movie,,6530000,,,2,False,,
4287,2023-03-12,Films (English),8,This Is Where I Leave You,,6220000,,,2,False,,
4288,2023-03-12,Films (English),9,World War Z,,5560000,,,1,False,,
4289,2023-03-12,Films (English),10,Burlesque,,5540000,,,1,False,,
4290,2023-03-12,Films (Non-English),1,Love at First Kiss,,10640000,,,2,False,,
4291,2023-03-12,Films (Non-English),2,10 Days of a Good Man,,9990000,,,2,False,,
4292,2023-03-12,Films (Non-English),3,Tonight You're Sleeping with Me,,6460000,,,2,False,,
4293,2023-03-12,Films (Non-English),4,All Quiet on the Western Front,,4230000,,,16,False,,
4294,2023-03-12,Films (Non-English),5,Black Crab,,3540000,,,8,False,,
4295,2023-03-12,Films (Non-English),6,Men of Plastic,,2660000,,,1,False,,
4296,2023-03-12,Films (Non-English),7,Unlocked,,2610000,,,4,False,,
4297,2023-03-12,Films (Non-English),8,Carandiru,,1760000,,,2,False,,
4298,2023-03-12,Films (Non-English),9,Ibiza,,1420000,,,1,False,,
4299,2023-03-12,Films (Non-English),10,Iratta,,1350000,,,1,False,,
4300,2023-03-12,TV (English),1,You,You: Season 4,75810000,,,4,False,,
4301,2023-03-12,TV (English),2,MH370: The Plane That Disappeared,MH370: The Plane That Disappeared: Limited Series,59880000,,,1,False,,
4302,2023-03-12,TV (English),3,Sex/Life,Sex/Life: Season 2,46720000,,,2,False,,
4303,2023-03-12,TV (English),4,Outer Banks,Outer Banks: Season 3,44580000,,,3,False,,
4304,2023-03-12,TV (English),5,Sex/Life,Sex/Life: Season 1,25930000,,,9,False,,
4305,2023-03-12,TV (English),6,Next in Fashion,Next in Fashion: Season 2,24430000,,,2,False,,
4306,2023-03-12,TV (English),7,Perfect Match,Perfect Match: Season 1,18900000,,,4,False,,
4307,2023-03-12,TV (English),8,Chris Rock: Selective Outrage,,17790000,,,1,False,,
4308,2023-03-12,TV (English),9,Outer Banks,Outer Banks: Season 2,16360000,,,9,False,,
4309,2023-03-12,TV (English),10,Outer Banks,Outer Banks: Season 1,16140000,,,8,False,,
4310,2023-03-12,TV (Non-English),1,The Glory,The Glory: Season 1,124460000,,,6,False,,
4311,2023-03-12,TV (Non-English),2,Wrong Side of the Tracks,Wrong Side of the Tracks: Season 2,39080000,,,2,False,,
4312,2023-03-12,TV (Non-English),3,Wrong Side of the Tracks,Wrong Side of the Tracks: Season 1,23830000,,,7,False,,
4313,2023-03-12,TV (Non-English),4,Crash Course in Romance,Crash Course in Romance: Limited Series,22350000,,,6,False,,
4314,2023-03-12,TV (Non-English),5,In the Name of God: A Holy Betrayal,In the Name of God: A Holy Betrayal: Season 1,16430000,,,1,False,,
4315,2023-03-12,TV (Non-English),6,Triptych,Triptych: Season 1,14780000,,,3,False,,
4316,2023-03-12,TV (Non-English),7,Mr. Queen,Mr. Queen: Limited Series,13670000,,,4,False,,
4317,2023-03-12,TV (Non-English),8,Too Hot to Handle: Germany,Too Hot to Handle: Germany: Season 1,9970000,,,2,False,,
4318,2023-03-12,TV (Non-English),9,La Reina del Sur,La Reina del Sur: Season 3,8230000,,,11,False,,
4319,2023-03-12,TV (Non-English),10,Rana Naidu,Rana Naidu: Season 1,8070000,,,1,False,,
4320,2023-03-05,Films (English),1,We Have a Ghost,,42620000,,,2,False,,
4321,2023-03-05,Films (English),2,The Strays,,14570000,,,2,False,,
4322,2023-03-05,Films (English),3,The Condemned,,10230000,,,1,False,,
4323,2023-03-05,Films (English),4,R.I.P.D.,,8330000,,,1,False,,
4324,2023-03-05,Films (English),5,Bad Boys for Life,,8330000,,,2,False,,
4325,2023-03-05,Films (English),6,Your Place or Mine,,7500000,,,4,False,,
4326,2023-03-05,Films (English),7,This Is Where I Leave You,,6580000,,,1,False,,
4327,2023-03-05,Films (English),8,The Hunger Games,,6230000,,,1,False,,
4328,2023-03-05,Films (English),9,The Hangover: Part III,,5800000,,,1,False,,
4329,2023-03-05,Films (English),10,Paw Patrol: The Movie,,5620000,,,1,False,,
4330,2023-03-05,Films (Non-English),1,Tonight You're Sleeping with Me,,12170000,,,1,False,,
4331,2023-03-05,Films (Non-English),2,Love at First Kiss,,10930000,,,1,False,,
4332,2023-03-05,Films (Non-English),3,Call Me Chihiro,,6110000,,,2,False,,
4333,2023-03-05,Films (Non-English),4,Unlocked,,5460000,,,3,False,,
4334,2023-03-05,Films (Non-English),5,Waltair Veerayya,,5380000,,,1,False,,
4335,2023-03-05,Films (Non-English),6,10 Days of a Good Man,,4840000,,,1,False,,
4336,2023-03-05,Films (Non-English),7,All Quiet on the Western Front,,4200000,,,15,False,,
4337,2023-03-05,Films (Non-English),8,Black Crab,,3170000,,,7,False,,
4338,2023-03-05,Films (Non-English),9,Carandiru,,1390000,,,1,False,,
4339,2023-03-05,Films (Non-English),10,Viking Wolf,,1380000,,,4,False,,
4340,2023-03-05,TV (English),1,Outer Banks,Outer Banks: Season 3,99000000,,,2,False,,
4341,2023-03-05,TV (English),2,Sex/Life,Sex/Life: Season 2,43890000,,,1,False,,
4342,2023-03-05,TV (English),3,Perfect Match,Perfect Match: Season 1,42660000,,,3,False,,
4343,2023-03-05,TV (English),4,Outer Banks,Outer Banks: Season 1,34050000,,,7,False,,
4344,2023-03-05,TV (English),5,Murdaugh Murders: A Southern Scandal,Murdaugh Murders: A Southern Scandal: Season 1,33360000,,,2,False,,
4345,2023-03-05,TV (English),6,Outer Banks,Outer Banks: Season 2,27750000,,,8,False,,
4346,2023-03-05,TV (English),7,Formula 1: Drive to Survive,Formula 1: Drive to Survive: Season 5,26230000,,,2,False,,
4347,2023-03-05,TV (English),8,Sex/Life,Sex/Life: Season 1,19630000,,,8,False,,
4348,2023-03-05,TV (English),9,Wednesday,Wednesday: Season 1,16410000,,,15,False,,
4349,2023-03-05,TV (English),10,Next in Fashion,Next in Fashion: Season 2,16160000,,,1,False,,
4350,2023-03-05,TV (Non-English),1,Triptych,Triptych: Season 1,39650000,,,2,False,,
4351,2023-03-05,TV (Non-English),2,Wrong Side of the Tracks,Wrong Side of the Tracks: Season 2,34630000,,,1,False,,
4352,2023-03-05,TV (Non-English),3,Crash Course in Romance,Crash Course in Romance: Limited Series,25970000,,,5,False,,
4353,2023-03-05,TV (Non-English),4,Wrong Side of the Tracks,Wrong Side of the Tracks: Season 1,21980000,,,6,False,,
4354,2023-03-05,TV (Non-English),5,Mr. Queen,Mr. Queen: Limited Series,20470000,,,3,False,,
4355,2023-03-05,TV (Non-English),6,Physical: 100,Physical: 100: Season 1,14370000,,,6,False,,
4356,2023-03-05,TV (Non-English),7,Too Hot to Handle: Germany,Too Hot to Handle: Germany: Season 1,14270000,,,1,False,,
4357,2023-03-05,TV (Non-English),8,La Reina del Sur,La Reina del Sur: Season 3,9750000,,,10,False,,
4358,2023-03-05,TV (Non-English),9,Monique Olivier: Accessory to Evil,Monique Olivier: Accessory to Evil: Limited Series,8720000,,,1,False,,
4359,2023-03-05,TV (Non-English),10,The Law According to Lidia Poët,The Law According to Lidia Poët: Season 1,8540000,,,3,False,,
4360,2023-02-26,Films (English),1,We Have a Ghost,,40470000,,,1,False,,
4361,2023-02-26,Films (English),2,The Strays,,28780000,,,1,False,,
4362,2023-02-26,Films (English),3,Your Place or Mine,,22290000,,,3,False,,
4363,2023-02-26,Films (English),4,Army of One,,15600000,,,1,False,,
4364,2023-02-26,Films (English),5,The Woman King,,10230000,,,2,False,,
4365,2023-02-26,Films (English),6,2 Guns,,8550000,,,2,False,,
4366,2023-02-26,Films (English),7,Jurassic World,,7430000,,,2,False,,
4367,2023-02-26,Films (English),8,Mission: Impossible - Fallout,,6360000,,,2,False,,
4368,2023-02-26,Films (English),9,Minions: The Rise of Gru,,6270000,,,4,False,,
4369,2023-02-26,Films (English),10,Bad Boys for Life,,6070000,,,1,False,,
4370,2023-02-26,Films (Non-English),1,Unlocked,,16150000,,,2,False,,
4371,2023-02-26,Films (Non-English),2,All Quiet on the Western Front,,5470000,,,14,False,,
4372,2023-02-26,Films (Non-English),3,Call Me Chihiro,,5340000,,,1,False,,
4373,2023-02-26,Films (Non-English),4,Cirkus,,3800000,,,2,False,,
4374,2023-02-26,Films (Non-English),5,Squared Love All Over Again,,3750000,,,2,False,,
4375,2023-02-26,Films (Non-English),6,All the Places,,3610000,,,2,False,,
4376,2023-02-26,Films (Non-English),7,Re/Member,,2810000,,,2,False,,
4377,2023-02-26,Films (Non-English),8,Elite Squad,,2360000,,,1,False,,
4378,2023-02-26,Films (Non-English),9,An Inconvenient Love,,1960000,,,1,False,,
4379,2023-02-26,Films (Non-English),10,The Last Mercenary,,1850000,,,6,False,,
4380,2023-02-26,TV (English),1,Outer Banks,Outer Banks: Season 3,154970000,,,1,False,,
4381,2023-02-26,TV (English),2,Murdaugh Murders: A Southern Scandal,Murdaugh Murders: A Southern Scandal: Season 1,40050000,,,1,False,,
4382,2023-02-26,TV (English),3,Perfect Match,Perfect Match: Season 1,39510000,,,2,False,,
4383,2023-02-26,TV (English),4,Outer Banks,Outer Banks: Season 1,35100000,,,6,False,,
4384,2023-02-26,TV (English),5,You,You: Season 4,27750000,,,3,False,,
4385,2023-02-26,TV (English),6,Formula 1: Drive to Survive,Formula 1: Drive to Survive: Season 5,25760000,,,1,False,,
4386,2023-02-26,TV (English),7,Outer Banks,Outer Banks: Season 2,23860000,,,7,False,,
4387,2023-02-26,TV (English),8,Red Rose,Red Rose: Limited Series,20540000,,,2,False,,
4388,2023-02-26,TV (English),9,Wednesday,Wednesday: Season 1,18950000,,,14,False,,
4389,2023-02-26,TV (English),10,The Walking Dead,The Walking Dead: Season 11,15940000,,,3,False,,
4390,2023-02-26,TV (Non-English),1,Triptych,Triptych: Season 1,50730000,,,1,False,,
4391,2023-02-26,TV (Non-English),2,Physical: 100,Physical: 100: Season 1,37420000,,,5,False,,
4392,2023-02-26,TV (Non-English),3,Mr. Queen,Mr. Queen: Limited Series,32440000,,,2,False,,
4393,2023-02-26,TV (Non-English),4,Crash Course in Romance,Crash Course in Romance: Limited Series,23280000,,,4,False,,
4394,2023-02-26,TV (Non-English),5,The Law According to Lidia Poët,The Law According to Lidia Poët: Season 1,22500000,,,2,False,,
4395,2023-02-26,TV (Non-English),6,Ganglands,Ganglands: Season 2,16790000,,,2,False,,
4396,2023-02-26,TV (Non-English),7,Love to Hate You,Love to Hate You: Season 1,14370000,,,3,False,,
4397,2023-02-26,TV (Non-English),8,Eva Lasting,Eva Lasting: Season 1,12890000,,,1,False,,
4398,2023-02-26,TV (Non-English),9,Ganglands,Ganglands: Season 1,12710000,,,4,False,,
4399,2023-02-26,TV (Non-English),10,La Reina del Sur,La Reina del Sur: Season 3,12370000,,,9,False,,
4400,2023-02-19,Films (English),1,Your Place or Mine,,53810000,,,2,False,,
4401,2023-02-19,Films (English),2,2 Guns,,12460000,,,1,False,,
4402,2023-02-19,Films (English),3,The Woman King,,12210000,,,1,False,,
4403,2023-02-19,Films (English),4,You People,,8500000,,,4,False,,
4404,2023-02-19,Films (English),5,Minions: The Rise of Gru,,7960000,,,3,False,,
4405,2023-02-19,Films (English),6,Mission: Impossible - Fallout,,5940000,,,1,False,,
4406,2023-02-19,Films (English),7,47 Meters Down: Uncaged,,5800000,,,1,False,,
4407,2023-02-19,Films (English),8,True Spirit,,5740000,,,3,False,,
4408,2023-02-19,Films (English),9,Bloodshot,,4620000,,,4,False,,
4409,2023-02-19,Films (English),10,Jurassic World,,4330000,,,1,False,,
4410,2023-02-19,Films (Non-English),1,Squared Love All Over Again,,12760000,,,1,False,,
4411,2023-02-19,Films (Non-English),2,All the Places,,9930000,,,1,False,,
4412,2023-02-19,Films (Non-English),3,Unlocked,,8870000,,,1,False,,
4413,2023-02-19,Films (Non-English),4,Re/Member,,6330000,,,1,False,,
4414,2023-02-19,Films (Non-English),5,Cirkus,,4250000,,,1,False,,
4415,2023-02-19,Films (Non-English),6,Viking Wolf,,3950000,,,3,False,,
4416,2023-02-19,Films (Non-English),7,All Quiet on the Western Front,,2990000,,,13,False,,
4417,2023-02-19,Films (Non-English),8,Thunivu (Hindi),,2950000,,,2,False,,
4418,2023-02-19,Films (Non-English),9,Infiesto,,2130000,,,3,False,,
4419,2023-02-19,Films (Non-English),10,Narvik,,1600000,,,4,False,,
4420,2023-02-19,TV (English),1,You,You: Season 4,64060000,,,2,False,,
4421,2023-02-19,TV (English),2,Perfect Match,Perfect Match: Season 1,24650000,,,1,False,,
4422,2023-02-19,TV (English),3,You,You: Season 1,22400000,,,7,False,,
4423,2023-02-19,TV (English),4,Red Rose,Red Rose: Limited Series,21270000,,,1,False,,
4424,2023-02-19,TV (English),5,Wednesday,Wednesday: Season 1,20240000,,,13,False,,
4425,2023-02-19,TV (English),6,Ginny & Georgia,Ginny & Georgia: Season 2,18510000,,,7,False,,
4426,2023-02-19,TV (English),7,Full Swing,Full Swing: Season 1,17110000,,,1,False,,
4427,2023-02-19,TV (English),8,Love Is Blind,Love Is Blind: Season 3,15860000,,,7,False,,
4428,2023-02-19,TV (English),9,You,You: Season 3,15620000,,,10,False,,
4429,2023-02-19,TV (English),10,You,You: Season 2,15120000,,,6,False,,
4430,2023-02-19,TV (Non-English),1,Physical: 100,Physical: 100: Season 1,45420000,,,4,False,,
4431,2023-02-19,TV (Non-English),2,Love to Hate You,Love to Hate You: Season 1,28570000,,,2,False,,
4432,2023-02-19,TV (Non-English),3,The Law According to Lidia Poët,The Law According to Lidia Poët: Season 1,28250000,,,1,False,,
4433,2023-02-19,TV (Non-English),4,Crash Course in Romance,Crash Course in Romance: Limited Series,21520000,,,3,False,,
4434,2023-02-19,TV (Non-English),5,Mr. Queen,Mr. Queen: Limited Series,20950000,,,1,False,,
4435,2023-02-19,TV (Non-English),6,In Love All Over Again,In Love All Over Again: Season 1,16160000,,,1,False,,
4436,2023-02-19,TV (Non-English),7,True Beauty,True Beauty: Limited Series,14940000,,,2,False,,
4437,2023-02-19,TV (Non-English),8,La Reina del Sur,La Reina del Sur: Season 3,14890000,,,8,False,,
4438,2023-02-19,TV (Non-English),9,Alchemy of Souls,Alchemy of Souls: Part 2,11900000,,,8,False,,
4439,2023-02-19,TV (Non-English),10,Ganglands,Ganglands: Season 2,10040000,,,1,False,,
4440,2023-02-12,Films (English),1,Your Place or Mine,,51230000,,,1,False,,
4441,2023-02-12,Films (English),2,True Spirit,,20730000,,,2,False,,
4442,2023-02-12,Films (English),3,You People,,20400000,,,3,False,,
4443,2023-02-12,Films (English),4,Bloodshot,,14380000,,,3,False,,
4444,2023-02-12,Films (English),5,Minions: The Rise of Gru,,11500000,,,2,False,,
4445,2023-02-12,Films (English),6,"Lyle, Lyle, Crocodile",,9110000,,,1,False,,
4446,2023-02-12,Films (English),7,"Pamela, a love story",,8710000,,,2,False,,
4447,2023-02-12,Films (English),8,Sniper: Ultimate Kill,,6760000,,,1,False,,
4448,2023-02-12,Films (English),9,Enough,,5400000,,,2,False,,
4449,2023-02-12,Films (English),10,Sniper: Ghost Shooter,,5390000,,,2,False,,
4450,2023-02-12,Films (Non-English),1,Viking Wolf,,21480000,,,2,False,,
4451,2023-02-12,Films (Non-English),2,Infiesto,,12940000,,,2,False,,
4452,2023-02-12,Films (Non-English),3,Thunivu,,4050000,,,1,False,,
4453,2023-02-12,Films (Non-English),4,Thunivu (Hindi),,3730000,,,1,False,,
4454,2023-02-12,Films (Non-English),5,All Quiet on the Western Front,,3660000,,,12,False,,
4455,2023-02-12,Films (Non-English),6,Vadh,,3080000,,,1,False,,
4456,2023-02-12,Films (Non-English),7,I Like It But It Scares Me,,2620000,,,2,False,,
4457,2023-02-12,Films (Non-English),8,Narvik,,2520000,,,3,False,,
4458,2023-02-12,Films (Non-English),9,My Name Is Vendetta,,2240000,,,8,False,,
4459,2023-02-12,Films (Non-English),10,Troll,,2180000,,,11,False,,
4460,2023-02-12,TV (English),1,You,You: Season 4,92070000,,,1,False,,
4461,2023-02-12,TV (English),2,Ginny & Georgia,Ginny & Georgia: Season 2,25710000,,,6,False,,
4462,2023-02-12,TV (English),3,Wednesday,Wednesday: Season 1,22650000,,,12,False,,
4463,2023-02-12,TV (English),4,You,You: Season 1,19240000,,,6,False,,
4464,2023-02-12,TV (English),5,Ginny & Georgia,Ginny & Georgia: Season 1,15790000,,,6,False,,
4465,2023-02-12,TV (English),6,New Amsterdam,New Amsterdam: Season 1,15410000,,,6,False,,
4466,2023-02-12,TV (English),7,Lockwood & Co.,Lockwood & Co.: Season 1,15370000,,,3,False,,
4467,2023-02-12,TV (English),8,Love Is Blind,Love Is Blind: Season 3,12530000,,,6,False,,
4468,2023-02-12,TV (English),9,You,You: Season 3,11440000,,,9,False,,
4469,2023-02-12,TV (English),10,New Amsterdam,New Amsterdam: Season 4,10210000,,,1,False,,
4470,2023-02-12,TV (Non-English),1,Physical: 100,Physical: 100: Season 1,41610000,,,3,False,,
4471,2023-02-12,TV (Non-English),2,Crash Course in Romance,Crash Course in Romance: Limited Series,21040000,,,2,False,,
4472,2023-02-12,TV (Non-English),3,The Snow Girl,The Snow Girl 1.,19610000,,,3,False,,
4473,2023-02-12,TV (Non-English),4,La Reina del Sur,La Reina del Sur: Season 3,19610000,,,7,False,,
4474,2023-02-12,TV (Non-English),5,True Beauty,True Beauty: Limited Series,16510000,,,1,False,,
4475,2023-02-12,TV (Non-English),6,The Interest of Love,The Interest of Love: Limited Series,12390000,,,2,False,,
4476,2023-02-12,TV (Non-English),7,Alchemy of Souls,Alchemy of Souls: Part 2,11610000,,,7,False,,
4477,2023-02-12,TV (Non-English),8,Love to Hate You,Love to Hate You: Season 1,11270000,,,1,False,,
4478,2023-02-12,TV (Non-English),9,Class,Class: Season 1,9910000,,,1,False,,
4479,2023-02-12,TV (Non-English),10,Til Money Do Us Part,Til Money Do Us Part: Season 1,9330000,,,12,False,,
4480,2023-02-05,Films (English),1,You People,,65610000,,,2,False,,
4481,2023-02-05,Films (English),2,"Pamela, a love story",,24330000,,,1,False,,
4482,2023-02-05,Films (English),3,Minions: The Rise of Gru,,19360000,,,1,False,,
4483,2023-02-05,Films (English),4,Sniper: Ghost Shooter,,12490000,,,1,False,,
4484,2023-02-05,Films (English),5,True Spirit,,11090000,,,1,False,,
4485,2023-02-05,Films (English),6,The Hurricane Heist,,10120000,,,1,False,,
4486,2023-02-05,Films (English),7,Bloodshot,,8720000,,,2,False,,
4487,2023-02-05,Films (English),8,Glass Onion: A Knives Out Mystery,,6830000,,,7,False,,
4488,2023-02-05,Films (English),9,Flushed Away,,5090000,,,1,False,,
4489,2023-02-05,Films (English),10,Inheritance,,4790000,,,3,False,,
4490,2023-02-05,Films (Non-English),1,Viking Wolf,,28030000,,,1,False,,
4491,2023-02-05,Films (Non-English),2,Infiesto,,12650000,,,1,False,,
4492,2023-02-05,Films (Non-English),3,Narvik,,9950000,,,2,False,,
4493,2023-02-05,Films (Non-English),4,All Quiet on the Western Front,,7050000,,,11,False,,
4494,2023-02-05,Films (Non-English),5,An Action Hero,,5740000,,,2,False,,
4495,2023-02-05,Films (Non-English),6,The Price of Family,,5430000,,,2,False,,
4496,2023-02-05,Films (Non-English),7,I Like It But It Scares Me,,4510000,,,1,False,,
4497,2023-02-05,Films (Non-English),8,Mission Majnu,,3280000,,,3,False,,
4498,2023-02-05,Films (Non-English),9,JUNG_E,,2880000,,,3,False,,
4499,2023-02-05,Films (Non-English),10,Troll,,2650000,,,10,False,,
4500,2023-02-05,TV (English),1,Lockwood & Co.,Lockwood & Co.: Season 1,39420000,,,2,False,,
4501,2023-02-05,TV (English),2,Ginny & Georgia,Ginny & Georgia: Season 2,38090000,,,5,False,,
4502,2023-02-05,TV (English),3,Wednesday,Wednesday: Season 1,28230000,,,11,False,,
4503,2023-02-05,TV (English),4,Ginny & Georgia,Ginny & Georgia: Season 1,22550000,,,5,False,,
4504,2023-02-05,TV (English),5,New Amsterdam,New Amsterdam: Season 1,18960000,,,5,False,,
4505,2023-02-05,TV (English),6,Vikings: Valhalla,Vikings: Valhalla: Season 2,14840000,,,4,False,,
4506,2023-02-05,TV (English),7,New Amsterdam,New Amsterdam: Season 2,9370000,,,1,False,,
4507,2023-02-05,TV (English),8,That '90s Show,That '90s Show: Part 1,9370000,,,3,False,,
4508,2023-02-05,TV (English),9,Freeridge,Freeridge: Season 1,8270000,,,1,False,,
4509,2023-02-05,TV (English),10,New Amsterdam,New Amsterdam: Season 3,7910000,,,1,False,,
4510,2023-02-05,TV (Non-English),1,The Snow Girl,The Snow Girl 1.,50240000,,,2,False,,
4511,2023-02-05,TV (Non-English),2,Physical: 100,Physical: 100: Season 1,31300000,,,2,False,,
4512,2023-02-05,TV (Non-English),3,La Reina del Sur,La Reina del Sur: Season 3,25730000,,,6,False,,
4513,2023-02-05,TV (Non-English),4,Record of Ragnarok,Record of Ragnarok: Season 2,18880000,,,2,False,,
4514,2023-02-05,TV (Non-English),5,Crash Course in Romance,Crash Course in Romance: Limited Series,15550000,,,1,False,,
4515,2023-02-05,TV (Non-English),6,The Endless Night,The Endless Night: Limited Series,14950000,,,2,False,,
4516,2023-02-05,TV (Non-English),7,Alchemy of Souls,Alchemy of Souls: Part 2,11520000,,,6,False,,
4517,2023-02-05,TV (Non-English),8,Women at War,Women at War: Limited Series,11230000,,,3,False,,
4518,2023-02-05,TV (Non-English),9,The Interest of Love,The Interest of Love: Limited Series,10950000,,,1,False,,
4519,2023-02-05,TV (Non-English),10,Shahmaran,Shahmaran: Season 1,10700000,,,3,False,,
4520,2023-01-29,Films (English),1,You People,,55650000,,,1,False,,
4521,2023-01-29,Films (English),2,Inheritance,,11550000,,,2,False,,
4522,2023-01-29,Films (English),3,Glass Onion: A Knives Out Mystery,,9670000,,,6,False,,
4523,2023-01-29,Films (English),4,Puss in Boots,,6010000,,,2,False,,
4524,2023-01-29,Films (English),5,Devotion,,5910000,,,1,False,,
4525,2023-01-29,Films (English),6,Dog Gone,,5800000,,,3,False,,
4526,2023-01-29,Films (English),7,The Pale Blue Eye,,5460000,,,4,False,,
4527,2023-01-29,Films (English),8,Sing,,5320000,,,8,False,,
4528,2023-01-29,Films (English),9,Roald Dahl's Matilda The Musical,,4600000,,,5,False,,
4529,2023-01-29,Films (English),10,Trolls,,3790000,,,5,False,,
4530,2023-01-29,Films (Non-English),1,Narvik,,37980000,,,1,False,,
4531,2023-01-29,Films (Non-English),2,JUNG_E,,17620000,,,2,False,,
4532,2023-01-29,Films (Non-English),3,Mission Majnu,,10340000,,,2,False,,
4533,2023-01-29,Films (Non-English),4,All Quiet on the Western Front,,8170000,,,10,False,,
4534,2023-01-29,Films (Non-English),5,The Price of Family,,6340000,,,1,False,,
4535,2023-01-29,Films (Non-English),6,An Action Hero,,4490000,,,1,False,,
4536,2023-01-29,Films (Non-English),7,Troll,,2570000,,,9,False,,
4537,2023-01-29,Films (Non-English),8,Dhamaka,,2550000,,,1,False,,
4538,2023-01-29,Films (Non-English),9,Air Force The Movie: Danger Close,,2190000,,,1,False,,
4539,2023-01-29,Films (Non-English),10,My Name Is Vendetta,,1990000,,,7,False,,
4540,2023-01-29,TV (English),1,Ginny & Georgia,Ginny & Georgia: Season 2,55610000,,,4,False,,
4541,2023-01-29,TV (English),2,Wednesday,Wednesday: Season 1,35860000,,,10,False,,
4542,2023-01-29,TV (English),3,Ginny & Georgia,Ginny & Georgia: Season 1,31140000,,,4,False,,
4543,2023-01-29,TV (English),4,That '90s Show,That '90s Show: Part 1,26250000,,,2,False,,
4544,2023-01-29,TV (English),5,Vikings: Valhalla,Vikings: Valhalla: Season 2,25120000,,,3,False,,
4545,2023-01-29,TV (English),6,Lockwood & Co.,Lockwood & Co.: Season 1,25120000,,,1,False,,
4546,2023-01-29,TV (English),7,New Amsterdam,New Amsterdam: Season 1,14320000,,,4,False,,
4547,2023-01-29,TV (English),8,Bling Empire: New York,Bling Empire: New York: Season 1,14280000,,,1,False,,
4548,2023-01-29,TV (English),9,Bake Squad,Bake Squad: Season 2,13040000,,,1,False,,
4549,2023-01-29,TV (English),10,Kaleidoscope,Kaleidoscope: Limited Series,12110000,,,4,False,,
4550,2023-01-29,TV (Non-English),1,La Reina del Sur,La Reina del Sur: Season 3,37470000,,,5,False,,
4551,2023-01-29,TV (Non-English),2,Shahmaran,Shahmaran: Season 1,33960000,,,2,False,,
4552,2023-01-29,TV (Non-English),3,The Snow Girl,The Snow Girl 1.,31830000,,,1,False,,
4553,2023-01-29,TV (Non-English),4,Women at War,Women at War: Limited Series,30280000,,,2,False,,
4554,2023-01-29,TV (Non-English),5,Record of Ragnarok,Record of Ragnarok: Season 2,29190000,,,1,False,,
4555,2023-01-29,TV (Non-English),6,The Endless Night,The Endless Night: Limited Series,28330000,,,1,False,,
4556,2023-01-29,TV (Non-English),7,Physical: 100,Physical: 100: Season 1,22510000,,,1,False,,
4557,2023-01-29,TV (Non-English),8,Fauda,Fauda: Season 4,19210000,,,2,False,,
4558,2023-01-29,TV (Non-English),9,The Glory,The Glory: Season 1,17360000,,,5,False,,
4559,2023-01-29,TV (Non-English),10,Alchemy of Souls,Alchemy of Souls: Part 1,14930000,,,19,False,,
4560,2023-01-22,Films (English),1,Dog Gone,,20910000,,,2,False,,
4561,2023-01-22,Films (English),2,The Pale Blue Eye,,12690000,,,3,False,,
4562,2023-01-22,Films (English),3,Glass Onion: A Knives Out Mystery,,12040000,,,5,False,,
4563,2023-01-22,Films (English),4,The Hatchet Wielding Hitchhiker,,8230000,,,2,False,,
4564,2023-01-22,Films (English),5,Sing,,7090000,,,7,False,,
4565,2023-01-22,Films (English),6,Roald Dahl's Matilda The Musical,,6040000,,,4,False,,
4566,2023-01-22,Films (English),7,Puss in Boots,,5860000,,,1,False,,
4567,2023-01-22,Films (English),8,A Quiet Place Part II,,4760000,,,1,False,,
4568,2023-01-22,Films (English),9,Trolls,,4080000,,,4,False,,
4569,2023-01-22,Films (English),10,Disconnect: The Wedding Planner,,3790000,,,1,False,,
4570,2023-01-22,Films (Non-English),1,JUNG_E,,19300000,,,1,False,,
4571,2023-01-22,Films (Non-English),2,Mission Majnu,,8940000,,,1,False,,
4572,2023-01-22,Films (Non-English),3,Noise,,3370000,,,2,False,,
4573,2023-01-22,Films (Non-English),4,All Quiet on the Western Front,,2800000,,,9,False,,
4574,2023-01-22,Films (Non-English),5,Troll,,2590000,,,8,False,,
4575,2023-01-22,Films (Non-English),6,RRR (Hindi),,2200000,,,17,False,,
4576,2023-01-22,Films (Non-English),7,Kaapa,,2130000,,,1,False,,
4577,2023-01-22,Films (Non-English),8,Lesson Plan,,1740000,,,3,False,,
4578,2023-01-22,Films (Non-English),9,My Name Is Vendetta,,1620000,,,6,False,,
4579,2023-01-22,Films (Non-English),10,Alkhallat+,,1570000,,,1,False,,
4580,2023-01-22,TV (English),1,Ginny & Georgia,Ginny & Georgia: Season 2,87400000,,,3,False,,
4581,2023-01-22,TV (English),2,Vikings: Valhalla,Vikings: Valhalla: Season 2,55530000,,,2,False,,
4582,2023-01-22,TV (English),3,Wednesday,Wednesday: Season 1,45740000,,,9,False,,
4583,2023-01-22,TV (English),4,Ginny & Georgia,Ginny & Georgia: Season 1,43290000,,,3,False,,
4584,2023-01-22,TV (English),5,That '90s Show,That '90s Show: Part 1,41080000,,,1,False,,
4585,2023-01-22,TV (English),6,Vikings: Valhalla,Vikings: Valhalla: Season 1,25370000,,,7,False,,
4586,2023-01-22,TV (English),7,Kaleidoscope,Kaleidoscope: Limited Series,22990000,,,3,False,,
4587,2023-01-22,TV (English),8,Emily in Paris,Emily in Paris: Season 3,15550000,,,5,False,,
4588,2023-01-22,TV (English),9,New Amsterdam,New Amsterdam: Season 1,14640000,,,3,False,,
4589,2023-01-22,TV (English),10,The Walking Dead,The Walking Dead: Season 11,11800000,,,2,False,,
4590,2023-01-22,TV (Non-English),1,La Reina del Sur,La Reina del Sur: Season 3,54090000,,,4,False,,
4591,2023-01-22,TV (Non-English),2,Women at War,Women at War: Limited Series,24530000,,,1,False,,
4592,2023-01-22,TV (Non-English),3,The Glory,The Glory: Season 1,24200000,,,4,False,,
4593,2023-01-22,TV (Non-English),4,Sky Rojo,Sky Rojo: Season 3,19070000,,,2,False,,
4594,2023-01-22,TV (Non-English),5,Shahmaran,Shahmaran: Season 1,17030000,,,1,False,,
4595,2023-01-22,TV (Non-English),6,Alice in Borderland,Alice in Borderland: Season 2,15680000,,,5,False,,
4596,2023-01-22,TV (Non-English),7,Fauda,Fauda: Season 4,12050000,,,1,False,,
4597,2023-01-22,TV (Non-English),8,Alchemy of Souls,Alchemy of Souls: Part 1,11580000,,,18,False,,
4598,2023-01-22,TV (Non-English),9,Woman of the Dead,Woman of the Dead: Season 1,11490000,,,3,False,,
4599,2023-01-22,TV (Non-English),10,Alpha Males,Alpha Males: Season 1,10570000,,,3,False,,
4600,2023-01-15,Films (English),1,The Pale Blue Eye,,39860000,,,2,False,,
4601,2023-01-15,Films (English),2,The Hatchet Wielding Hitchhiker,,21270000,,,1,False,,
4602,2023-01-15,Films (English),3,Glass Onion: A Knives Out Mystery,,19480000,,,4,False,,
4603,2023-01-15,Films (English),4,Dog Gone,,18880000,,,1,False,,
4604,2023-01-15,Films (English),5,Sing,,10400000,,,6,False,,
4605,2023-01-15,Films (English),6,Roald Dahl's Matilda The Musical,,8310000,,,3,False,,
4606,2023-01-15,Films (English),7,Jumanji: The Next Level,,6360000,,,3,False,,
4607,2023-01-15,Films (English),8,Transformers: Dark of the Moon,,5630000,,,1,False,,
4608,2023-01-15,Films (English),9,Colombiana,,4860000,,,1,False,,
4609,2023-01-15,Films (English),10,Daddy Day Care,,4850000,,,1,False,,
4610,2023-01-15,Films (Non-English),1,Noise,,7180000,,,1,False,,
4611,2023-01-15,Films (Non-English),2,How I Became a Gangster,,6960000,,,2,False,,
4612,2023-01-15,Films (Non-English),3,The Raid 2,,3840000,,,2,False,,
4613,2023-01-15,Films (Non-English),4,The Kings of the World,,3690000,,,2,False,,
4614,2023-01-15,Films (Non-English),5,Confidential Assignment 2: International,,3530000,,,1,False,,
4615,2023-01-15,Films (Non-English),6,Thai Massage,,2870000,,,1,False,,
4616,2023-01-15,Films (Non-English),7,"Farewell, Mr. Haffmann",,2850000,,,1,False,,
4617,2023-01-15,Films (Non-English),8,Troll,,2520000,,,7,False,,
4618,2023-01-15,Films (Non-English),9,All Quiet on the Western Front,,2220000,,,8,False,,
4619,2023-01-15,Films (Non-English),10,RRR (Hindi),,1820000,,,16,False,,
4620,2023-01-15,TV (English),1,Ginny & Georgia,Ginny & Georgia: Season 2,162720000,,,2,False,,
4621,2023-01-15,TV (English),2,Ginny & Georgia,Ginny & Georgia: Season 1,63230000,,,2,False,,
4622,2023-01-15,TV (English),3,Wednesday,Wednesday: Season 1,57820000,,,8,False,,
4623,2023-01-15,TV (English),4,Vikings: Valhalla,Vikings: Valhalla: Season 2,55350000,,,1,False,,
4624,2023-01-15,TV (English),5,Kaleidoscope,Kaleidoscope: Limited Series,46570000,,,2,False,,
4625,2023-01-15,TV (English),6,Vikings: Valhalla,Vikings: Valhalla: Season 1,25500000,,,6,False,,
4626,2023-01-15,TV (English),7,Emily in Paris,Emily in Paris: Season 3,25040000,,,4,False,,
4627,2023-01-15,TV (English),8,New Amsterdam,New Amsterdam: Season 1,18160000,,,2,False,,
4628,2023-01-15,TV (English),9,The Walking Dead,The Walking Dead: Season 11,17940000,,,1,False,,
4629,2023-01-15,TV (English),10,The Recruit,The Recruit: Season 1,13430000,,,5,False,,
4630,2023-01-15,TV (Non-English),1,La Reina del Sur,La Reina del Sur: Season 3,51930000,,,3,False,,
4631,2023-01-15,TV (Non-English),2,The Glory,The Glory: Season 1,40110000,,,3,False,,
4632,2023-01-15,TV (Non-English),3,Woman of the Dead,Woman of the Dead: Season 1,28690000,,,2,False,,
4633,2023-01-15,TV (Non-English),4,Alice in Borderland,Alice in Borderland: Season 2,23220000,,,4,False,,
4634,2023-01-15,TV (Non-English),5,Single’s Inferno,Single’s Inferno: Season 2,20280000,,,4,False,,
4635,2023-01-15,TV (Non-English),6,Alpha Males,Alpha Males: Season 1,15200000,,,2,False,,
4636,2023-01-15,TV (Non-English),7,Alchemy of Souls,Alchemy of Souls: Part 2,14980000,,,5,False,,
4637,2023-01-15,TV (Non-English),8,Sky Rojo,Sky Rojo: Season 3,13590000,,,1,False,,
4638,2023-01-15,TV (Non-English),9,Lady Voyeur,Lady Voyeur: Limited Series,12450000,,,2,False,,
4639,2023-01-15,TV (Non-English),10,Love Is Blind: Brazil,Love Is Blind: Brazil: Season 2,11920000,,,2,False,,
4640,2023-01-08,Films (English),1,Glass Onion: A Knives Out Mystery,,44320000,,,3,False,,
4641,2023-01-08,Films (English),2,The Pale Blue Eye,,42960000,,,1,False,,
4642,2023-01-08,Films (English),3,Jumanji: The Next Level,,17550000,,,2,False,,
4643,2023-01-08,Films (English),4,Roald Dahl's Matilda The Musical,,17500000,,,2,False,,
4644,2023-01-08,Films (English),5,White Noise,,14340000,,,2,False,,
4645,2023-01-08,Films (English),6,Honest Thief,,10200000,,,1,False,,
4646,2023-01-08,Films (English),7,Sing,,9560000,,,5,False,,
4647,2023-01-08,Films (English),8,Knives Out,,7470000,,,2,False,,
4648,2023-01-08,Films (English),9,Hard Target 2,,7460000,,,1,False,,
4649,2023-01-08,Films (English),10,Trolls,,6500000,,,3,False,,
4650,2023-01-08,Films (Non-English),1,How I Became a Gangster,,10530000,,,1,False,,
4651,2023-01-08,Films (Non-English),2,The Raid 2,,5780000,,,1,False,,
4652,2023-01-08,Films (Non-English),3,Mili,,5430000,,,2,False,,
4653,2023-01-08,Films (Non-English),4,The Kings of the World,,3950000,,,1,False,,
4654,2023-01-08,Films (Non-English),5,Troll,,3610000,,,6,False,,
4655,2023-01-08,Films (Non-English),6,Gatta Kusthi,,3600000,,,1,False,,
4656,2023-01-08,Films (Non-English),7,God's Crooked Lines,,3450000,,,5,False,,
4657,2023-01-08,Films (Non-English),8,Double XL,,3170000,,,2,False,,
4658,2023-01-08,Films (Non-English),9,7 Women and a Murder,,3080000,,,2,False,,
4659,2023-01-08,Films (Non-English),10,All Quiet on the Western Front,,2570000,,,7,False,,
4660,2023-01-08,TV (English),1,Ginny & Georgia,Ginny & Georgia: Season 2,180470000,,,1,False,,
4661,2023-01-08,TV (English),2,Kaleidoscope,Kaleidoscope: Limited Series,112320000,,,1,False,,
4662,2023-01-08,TV (English),3,Wednesday,Wednesday: Season 1,81340000,,,7,False,,
4663,2023-01-08,TV (English),4,Emily in Paris,Emily in Paris: Season 3,47780000,,,3,False,,
4664,2023-01-08,TV (English),5,Ginny & Georgia,Ginny & Georgia: Season 1,44370000,,,1,False,,
4665,2023-01-08,TV (English),6,The Recruit,The Recruit: Season 1,23580000,,,4,False,,
4666,2023-01-08,TV (English),7,MADOFF: The Monster of Wall Street,MADOFF: The Monster of Wall Street: Limited Series,23030000,,,1,False,,
4667,2023-01-08,TV (English),8,Treason,Treason: Limited Series,18460000,,,2,False,,
4668,2023-01-08,TV (English),9,The Witcher: Blood Origin,The Witcher: Blood Origin: Limited Series,17610000,,,3,False,,
4669,2023-01-08,TV (English),10,New Amsterdam,New Amsterdam: Season 1,14800000,,,1,False,,
4670,2023-01-08,TV (Non-English),1,The Glory,The Glory: Season 1,82480000,,,2,False,,
4671,2023-01-08,TV (Non-English),2,La Reina del Sur,La Reina del Sur: Season 3,79250000,,,2,False,,
4672,2023-01-08,TV (Non-English),3,Alice in Borderland,Alice in Borderland: Season 2,41840000,,,3,False,,
4673,2023-01-08,TV (Non-English),4,Lady Voyeur,Lady Voyeur: Limited Series,34370000,,,1,False,,
4674,2023-01-08,TV (Non-English),5,Woman of the Dead,Woman of the Dead: Season 1,20740000,,,1,False,,
4675,2023-01-08,TV (Non-English),6,Alchemy of Souls,Alchemy of Souls: Part 2,20510000,,,4,False,,
4676,2023-01-08,TV (Non-English),7,Alice in Borderland,Alice in Borderland: Season 1,19130000,,,8,False,,
4677,2023-01-08,TV (Non-English),8,Alpha Males,Alpha Males: Season 1,19090000,,,1,False,,
4678,2023-01-08,TV (Non-English),9,Single’s Inferno,Single’s Inferno: Season 2,18340000,,,3,False,,
4679,2023-01-08,TV (Non-English),10,Love Is Blind: Brazil,Love Is Blind: Brazil: Season 2,14280000,,,1,False,,
4680,2023-01-01,Films (English),1,Glass Onion: A Knives Out Mystery,,127250000,,,2,False,,
4681,2023-01-01,Films (English),2,Roald Dahl's Matilda The Musical,,41060000,,,1,False,,
4682,2023-01-01,Films (English),3,Knives Out,,16760000,,,1,False,,
4683,2023-01-01,Films (English),4,White Noise,,14750000,,,1,False,,
4684,2023-01-01,Films (English),5,The Invitation,,12200000,,,1,False,,
4685,2023-01-01,Films (English),6,Guillermo del Toro’s Pinocchio,,10910000,,,4,False,,
4686,2023-01-01,Films (English),7,Trolls,,9980000,,,2,False,,
4687,2023-01-01,Films (English),8,After Ever Happy,,7220000,,,1,False,,
4688,2023-01-01,Films (English),9,How the Grinch Stole Christmas,,7190000,,,3,False,,
4689,2023-01-01,Films (English),10,Bullet Train,,6940000,,,5,False,,
4690,2023-01-01,Films (Non-English),1,7 Women and a Murder,,9980000,,,1,False,,
4691,2023-01-01,Films (Non-English),2,Troll,,6650000,,,5,False,,
4692,2023-01-01,Films (Non-English),3,A Not So Merry Christmas,,6220000,,,2,False,,
4693,2023-01-01,Films (Non-English),4,God's Crooked Lines,,5600000,,,4,False,,
4694,2023-01-01,Films (Non-English),5,The Big 4,,5440000,,,3,False,,
4695,2023-01-01,Films (Non-English),6,Double XL,,5240000,,,1,False,,
4696,2023-01-01,Films (Non-English),7,My Name Is Vendetta,,4390000,,,5,False,,
4697,2023-01-01,Films (Non-English),8,Mili,,3370000,,,1,False,,
4698,2023-01-01,Films (Non-English),9,All Quiet on the Western Front,,3320000,,,6,False,,
4699,2023-01-01,Films (Non-English),10,Tara VS. Bilal,,3100000,,,1,False,,
4700,2023-01-01,TV (English),1,Wednesday,Wednesday: Season 1,103960000,,,6,False,,
4701,2023-01-01,TV (English),2,Emily in Paris,Emily in Paris: Season 3,95330000,,,2,False,,
4702,2023-01-01,TV (English),3,The Witcher: Blood Origin,The Witcher: Blood Origin: Limited Series,64520000,,,2,False,,
4703,2023-01-01,TV (English),4,Treason,Treason: Limited Series,56060000,,,1,False,,
4704,2023-01-01,TV (English),5,The Recruit,The Recruit: Season 1,43360000,,,3,False,,
4705,2023-01-01,TV (English),6,Harry & Meghan,Harry & Meghan: Limited Series,22530000,,,4,False,,
4706,2023-01-01,TV (English),7,Emily in Paris,Emily in Paris: Season 2,15210000,,,6,False,,
4707,2023-01-01,TV (English),8,Emily in Paris,Emily in Paris: Season 1,14550000,,,4,False,,
4708,2023-01-01,TV (English),9,Sonic Prime,Sonic Prime: Season 1,13400000,,,3,False,,
4709,2023-01-01,TV (English),10,Firefly Lane,Firefly Lane: Season 2,12770000,,,5,False,,
4710,2023-01-01,TV (Non-English),1,Alice in Borderland,Alice in Borderland: Season 2,74300000,,,2,False,,
4711,2023-01-01,TV (Non-English),2,Alice in Borderland,Alice in Borderland: Season 1,30220000,,,7,False,,
4712,2023-01-01,TV (Non-English),3,The Glory,The Glory: Season 1,25410000,,,1,False,,
4713,2023-01-01,TV (Non-English),4,Daughter From Another Mother,Daughter From Another Mother: Season 3,22490000,,,1,False,,
4714,2023-01-01,TV (Non-English),5,La Reina del Sur,La Reina del Sur: Season 3,22410000,,,1,False,,
4715,2023-01-01,TV (Non-English),6,Alchemy of Souls,Alchemy of Souls: Part 2,17170000,,,3,False,,
4716,2023-01-01,TV (Non-English),7,Single’s Inferno,Single’s Inferno: Season 2,14880000,,,2,False,,
4717,2023-01-01,TV (Non-English),8,The Unbroken Voice,The Unbroken Voice: Season 1,14020000,,,6,False,,
4718,2023-01-01,TV (Non-English),9,Til Money Do Us Part,Til Money Do Us Part: Season 1,13330000,,,11,False,,
4719,2023-01-01,TV (Non-English),10,Reborn Rich,Reborn Rich: Limited Series,11980000,,,6,False,,
